CREATE DATABASE  IF NOT EXISTS `musicians` /*!40100 DEFAULT CHARACTER SET latin1 */;
USE `musicians`;
-- MySQL dump 10.13  Distrib 8.0.17, for Win64 (x86_64)
--
-- Host: localhost    Database: musicians     Version:V2
-- ------------------------------------------------------
-- Server version	5.7.26

/*!40101 SET @OLD_CHARACTER_SET_CLIENT=@@CHARACTER_SET_CLIENT */;
/*!40101 SET @OLD_CHARACTER_SET_RESULTS=@@CHARACTER_SET_RESULTS */;
/*!40101 SET @OLD_COLLATION_CONNECTION=@@COLLATION_CONNECTION */;
/*!50503 SET NAMES utf8 */;
/*!40103 SET @OLD_TIME_ZONE=@@TIME_ZONE */;
/*!40103 SET TIME_ZONE='+00:00' */;
/*!40014 SET @OLD_UNIQUE_CHECKS=@@UNIQUE_CHECKS, UNIQUE_CHECKS=0 */;
/*!40014 SET @OLD_FOREIGN_KEY_CHECKS=@@FOREIGN_KEY_CHECKS, FOREIGN_KEY_CHECKS=0 */;
/*!40101 SET @OLD_SQL_MODE=@@SQL_MODE, SQL_MODE='NO_AUTO_VALUE_ON_ZERO' */;
/*!40111 SET @OLD_SQL_NOTES=@@SQL_NOTES, SQL_NOTES=0 */;

--
-- Table structure for table `albums`
--

DROP TABLE IF EXISTS `albums`;
/*!40101 SET @saved_cs_client     = @@character_set_client */;
/*!50503 SET character_set_client = utf8mb4 */;
CREATE TABLE `albums` (
  `AlbID` int(11) DEFAULT NULL,
  `ArtID` int(11) DEFAULT NULL,
  `genre` text,
  `NumTracks` int(11) DEFAULT NULL,
  `Title` text,
  `ReleaseYear` int(11) DEFAULT NULL
) ENGINE=MyISAM DEFAULT CHARSET=latin1;
/*!40101 SET character_set_client = @saved_cs_client */;

--
-- Dumping data for table `albums`
--

LOCK TABLES `albums` WRITE;
/*!40000 ALTER TABLE `albums` DISABLE KEYS */;
INSERT INTO `albums` (`AlbID`, `ArtID`, `genre`, `NumTracks`, `Title`, `ReleaseYear`) VALUES (650,214,'Rock',9,'Square of doom',2017),(651,185,'Rock',17,'Yellow demon',2010),(652,204,'Other',17,'Climate changed',2014),(653,223,'Rock',7,'Cat got my tongue',2014),(654,284,'Other',9,'Decisions decisions',2007),(655,201,'Country',11,'Lets do this',2014),(656,398,'Rock',13,'Baseless',2020),(657,267,'Pop',17,'Pushing up daisies',2005),(658,132,'Country',16,'Hit the road',2010),(659,350,'Rock',16,'Beyond infinity',2012),(660,391,'Country',17,'Expert opinion',2009),(661,175,'Rock',16,'Final draft',2006),(662,173,'Other',13,'No ambition',2018),(663,319,'Country',14,'Beads of sweat',2014),(664,414,'Country',18,'Unhappy accident',2005),(665,408,'Rock',11,'This belief',2015),(666,269,'Pop',12,'Life knowledge',2009),(667,401,'Country',9,'Cold shoulder',2009),(668,270,'Pop',16,'Two to tango',2010),(669,421,'Pop',15,'Grains of sand',2016),(670,181,'Pop',17,'Dedication',2013),(671,143,'Pop',7,'Cat killed curiosity',2011),(672,207,'Folk',15,'Breaking bread',2012),(673,373,'Country',11,'Bankrupcy',2015),(674,231,'Pop',6,'Hand in hand',2008),(675,110,'Rock',9,'Greener grass',2012),(676,235,'Pop',6,'Curtain fall',2013),(677,159,'Rock',13,'Cobweb of lies',2019),(678,219,'Rock',9,'Honesty',2008),(679,197,'Country',11,'Bursting bubbles',2006),(680,329,'Country',17,'Animals',2006),(681,182,'Pop',9,'Pushing buttons',2015),(682,415,'Country',8,'Battleground',2008),(683,394,'Rock',17,'Here we go',2015),(684,362,'Pop',18,'Courage of fools',2009),(685,235,'Rock',11,'Bank fault',2014),(686,253,'Country',16,'Army of ants',2007),(687,257,'Country',10,'Impulse reaction',2010),(688,237,'Country',14,'Curiositys death',2018),(689,149,'Pop',17,'Love',2018),(690,202,'Country',18,'Circle of death',2015),(691,120,'Rock',10,'I have a demon in my shoe',2005),(692,400,'Country',6,'Climate changed',2006),(693,136,'Country',14,'Cat got my tongue',2016),(694,217,'Rock',7,'Decisions decisions',2006),(695,379,'Pop',13,'Lets do this',2007),(696,396,'Country',8,'Baseless',2018),(697,265,'Rock',15,'Pushing up daisies',2019),(698,289,'Pop',7,'Hit the road',2013),(699,311,'Pop',15,'Beyond infinity',2006),(700,329,'Country',6,'Expert opinion',2007),(701,175,'Rock',12,'Final draft',2007),(702,338,'Rock',7,'No ambition',2019),(703,144,'Other',9,'Beads of sweat',2012),(704,432,'Other',18,'Unhappy accident',2019),(705,107,'Rock',7,'This belief',2011),(706,210,'Country',7,'Life knowledge',2015),(707,421,'Pop',13,'Cold shoulder',2012),(708,216,'Folk',10,'Two to tango',2005),(709,237,'Country',7,'Grains of sand',2019),(710,371,'Country',11,'Dedication',2020),(711,426,'Folk',12,'Cat killed curiosity',2011),(712,125,'Rock',17,'Breaking bread',2012),(713,441,'Rock',17,'Bankrupcy',2014),(714,415,'Country',6,'Hand in hand',2009),(715,367,'Rock',15,'Greener grass',2012),(716,418,'Rock',13,'Curtain fall',2012),(717,159,'Rock',6,'Cobweb of lies',2020),(718,189,'Country',15,'Honesty',2011),(719,438,'Country',13,'Bursting bubbles',2007),(720,400,'Country',8,'Animals',2007),(721,148,'Country',15,'Pushing buttons',2017),(722,181,'Pop',16,'Battleground',2014),(723,363,'Rock',17,'Here we go',2010),(724,239,'Country',17,'Courage of fools',2007),(725,199,'Pop',10,'Bank fault',2017),(726,393,'Pop',16,'Army of ants',2014),(727,153,'Country',17,'Impulse reaction',2012),(728,369,'Rock',13,'Curiositys death',2016),(729,421,'Pop',11,'Love them all',2018),(730,279,'Rock',18,'Circle of death',2015),(731,215,'Pop',12,'Speak of the demon',2018),(732,183,'Rock',9,'Climate changed',2017),(733,265,'Rock',13,'Cat got my tongue',2020),(734,256,'Pop',15,'Decisions decisions',2009),(735,228,'Rock',16,'Lets do this',2020),(736,293,'Folk',7,'Baseless',2019),(737,301,'Country',8,'Pushing up daisies',2018),(738,373,'Country',9,'Hit the road',2017),(739,237,'Country',16,'Beyond infinity',2020),(740,449,'Country',17,'Expert opinion',2020),(741,130,'Country',12,'Final draft',2006),(742,383,'Rock',15,'No ambition',2015),(743,183,'Rock',15,'Beads of sweat',2018),(744,391,'Country',6,'Unhappy accident',2010),(745,232,'Country',7,'This belief',2010),(746,168,'Rock',13,'Life knowledge',2012),(747,431,'Folk',8,'Cold shoulder',2017),(748,440,'Rock',7,'Two to tango',2011),(749,152,'Rock',6,'Grains of sand',2009),(750,160,'Country',12,'Dedication',2005),(751,373,'Country',15,'Cat killed curiosity',2020),(752,321,'Pop',9,'Breaking bread',2017),(753,330,'Country',14,'Bankrupcy',2008),(754,307,'Pop',10,'Hand in hand',2020),(755,198,'Rock',18,'Greener grass',2016),(756,225,'Rock',6,'Curtain fall',2016),(757,264,'Rock',16,'Cobweb of lies',2018),(758,421,'Pop',8,'Honesty',2019),(759,173,'Other',10,'Bursting bubbles',2019),(760,374,'Rock',8,'Animals',2005),(761,401,'Country',16,'Pushing buttons',2010),(762,431,'Folk',8,'Battleground',2018),(763,200,'Rock',18,'Here we go',2019),(764,300,'Rock',18,'Courage of fools',2016),(765,317,'Country',16,'Bank fault',2009),(766,356,'Pop',15,'Army of ants',2005),(767,152,'Rock',16,'Impulse reaction',2010),(768,163,'Pop',14,'Curiositys death',2009),(769,135,'Country',8,'Love you',2015),(770,136,'Country',12,'Circle of death',2017),(771,177,'Pop',8,'Dance of the demon',2009),(772,441,'Rock',14,'Climate changed',2015),(773,169,'Pop',8,'Cat got my tongue',2014),(774,371,'Country',14,'Decisions decisions',2020),(775,203,'Rock',12,'Lets do this',2008),(776,350,'Rock',14,'Baseless',2013),(777,127,'Other',14,'Pushing up daisies',2017),(778,186,'Pop',16,'Hit the road',2011),(779,425,'Folk',16,'Beyond infinity',2009),(780,414,'Country',9,'Expert opinion',2006),(781,368,'Pop',16,'Final Test',2015),(782,182,'Folk',18,'No room for luggage',2016),(783,248,'Country',12,'Birds of sweet',2019),(784,254,'Pop',7,'Happy angry accident',2008),(787,146,'Other',15,'Stop failing',2014),(788,446,'Rock',8,'SQL knowledge',2009),(789,128,'Folk',14,'Cold shoulder',2019),(790,369,'Rock',13,'Two to tango',2017),(791,285,'Rock',13,'Grains of sand',2008),(792,200,'Rock',18,'Dedication',2020),(793,162,'Folk',17,'Cat killed curiosity',2007),(794,423,'Pop',17,'Breaking bread',2005),(795,126,'Rock',10,'Bankrupcy',2016),(796,424,'Folk',9,'Hand in hand',2007),(797,261,'Pop',8,'Greener grass',2015),(798,281,'Country',7,'Curtain fall',2020),(799,123,'Country',15,'Cobweb of lies',2010),(800,125,'Rock',17,'Honesty',2013),(801,424,'Folk',12,'Bursting bubbles',2008),(802,268,'Other',17,'Animals',2008),(803,292,'Pop',8,'Pushing buttons',2017),(804,333,'Country',15,'Battleground',2012),(805,294,'Pop',15,'Here we go',2005),(806,170,'Country',17,'Courage of fools',2016),(807,114,'Rock',16,'Bank fault',2016),(808,401,'Country',7,'Army of ants',2011),(809,153,'Other',11,'Impulse reaction',2013),(810,245,'Rock',18,'Curiositys death',2014),(811,173,'Country',15,'Bubble tea love',2020),(812,428,'Folk',16,'Circle of death',2015),(813,277,'Rock',17,'Demons on the town',2012),(814,245,'Rock',11,'Climate changed',2015),(815,372,'Country',12,'Cat got my tongue',2007),(816,308,'Pop',7,'Decisions decisions',2005),(817,142,'Country',12,'Lets do this',2009),(818,416,'Folk',17,'Baseless',2010),(819,155,'Pop',11,'Pushing up daisies',2015),(820,425,'Folk',14,'Hit the road',2010),(821,279,'Rock',10,'Beyond infinity',2016),(822,380,'Rock',7,'Expert opinion',2010),(823,387,'Rock',10,'Final draft',2005),(824,423,'Pop',16,'No ambition',2006),(825,409,'Rock',10,'Beads of sweat',2019),(826,318,'Country',11,'Unhappy accident',2012),(827,440,'Rock',15,'This belief',2012),(828,238,'Pop',7,'Life knowledge',2005),(829,296,'Rock',13,'Cold shoulder',2008),(830,330,'Country',7,'Two to tango',2009),(831,336,'Rock',8,'Grains of sand',2015),(832,131,'Rock',13,'Dedication',2007),(833,280,'Pop',11,'Cat killed curiosity',2019),(834,267,'Pop',8,'Breaking bread',2006),(835,370,'Country',10,'Bankrupcy',2018),(836,105,'Country',13,'Hand in hand',2008),(837,352,'Rock',8,'Greener grass',2017),(838,219,'Folk',16,'Curtain fall',2009),(839,295,'Country',16,'Cobweb of lies',2007),(840,391,'Country',16,'Honesty',2011),(841,233,'Rock',11,'Bursting bubbles',2011),(842,343,'Pop',9,'Animals',2007),(843,314,'Rock',18,'Pushing buttons',2007),(844,251,'Rock',7,'Battleground',2020),(845,443,'Rock',8,'Here we go',2017),(846,278,'Rock',13,'Courage of fools',2013),(847,447,'Rock',13,'Bank fault',2009),(848,305,'Rock',18,'Army of ants',2019),(849,317,'Country',11,'Impulse reaction',2010),(850,242,'Other',14,'Curiositys death',2009),(851,131,'Country',7,'Puppy love',2008),(852,279,'Rock',7,'Circle of death',2017),(853,387,'Rock',7,'Speak of the demon',2008),(854,122,'Pop',12,'Climate changed',2009),(855,367,'Rock',11,'Cat got my tongue',2013),(856,315,'Rock',10,'Decisions decisions',2008),(857,340,'Country',10,'Lets do this',2005),(858,380,'Rock',17,'Baseless',2011),(859,229,'Rock',7,'Pushing up daisies',2005),(860,342,'Rock',10,'Hit the road',2006),(861,184,'Rock',16,'Beyond infinity',2019),(862,283,'Folk',8,'Expert opinion',2005),(863,166,'Country',14,'Final draft',2011),(864,127,'Other',7,'No ambition',2018),(865,244,'Rock',7,'Beads of sweat',2013),(866,215,'Rock',12,'Unhappy accident',2019),(867,195,'Pop',9,'This belief',2016),(868,278,'Rock',6,'Life knowledge',2014),(869,200,'Rock',8,'Cold shoulder',2012),(870,106,'Rock',16,'Two to tango',2010),(871,299,'Rock',7,'Grains of sand',2013),(872,267,'Country',15,'Dedication',2007),(873,387,'Rock',11,'Cat killed curiosity',2010),(874,392,'Rock',13,'Breaking bread',2013),(875,228,'Other',14,'Bankrupcy',2009),(876,359,'Country',15,'Hand in hand',2006),(877,113,'Country',7,'Greener grass',2014),(878,246,'Rock',12,'Curtain fall',2018),(879,336,'Rock',16,'Cobweb of lies',2016),(880,245,'Rock',12,'Honesty',2016),(881,354,'Rock',16,'Bursting bubbles',2019),(882,112,'Country',13,'Animals',2013),(883,385,'Rock',7,'Pushing buttons',2020),(884,350,'Rock',12,'Battleground',2014),(885,156,'Rock',6,'Here we go',2016),(886,387,'Rock',17,'Courage of fools',2014),(887,437,'Rock',17,'Bank fault',2006),(888,128,'Country',10,'Army of ants',2020),(889,440,'Rock',15,'Impulse reaction',2013),(890,379,'Pop',8,'Curiositys death',2008),(891,121,'Pop',15,'Dumpling love',2007),(892,408,'Rock',11,'Circle of death',2016),(893,228,'Country',7,'demon demon demon',2015),(894,186,'Other',7,'Climate changed',2012),(895,400,'Country',13,'Cat got my tongue',2008),(896,152,'Rock',8,'Decisions decisions',2011),(897,382,'Country',15,'Lets do this',2014),(898,164,'Folk',7,'Baseless',2010),(899,360,'Pop',18,'Pushing up daisies',2007),(900,177,'Pop',9,'Hit the road',2010),(901,326,'Pop',6,'Beyond infinity',2005),(902,236,'Other',11,'Expert opinion',2015),(903,203,'Rock',10,'Final draft',2012),(904,388,'Country',13,'No ambition',2005),(905,257,'Country',11,'Beads of sweat',2011),(906,124,'Country',9,'Unhappy accident',2011),(907,401,'Country',9,'This belief',2012),(908,319,'Country',16,'Life knowledge',2015),(909,127,'Other',16,'Cold shoulder',2018),(910,318,'Country',14,'Two to tango',2013),(911,294,'Pop',7,'Grains of sand',2006),(912,297,'Country',14,'Dedication',2010),(913,187,'Other',7,'Cat killed curiosity',2010),(914,436,'Rock',10,'Breaking bread',2005),(915,438,'Country',14,'Bankrupcy',2008),(916,186,'Pop',16,'Hand in hand',2013),(917,218,'Rock',8,'Greener grass',2007),(918,443,'Rock',13,'Curtain fall',2018),(919,118,'Folk',6,'Cobweb of lies',2020),(920,338,'Rock',8,'Honesty',2020),(921,299,'Rock',9,'Bursting bubbles',2014),(922,176,'Rock',16,'Animals',2008),(923,433,'Folk',7,'Pushing buttons',2020),(924,231,'Pop',17,'Battleground',2009),(925,225,'Folk',11,'Here we go',2017),(926,114,'Rock',16,'Courage of fools',2017),(927,351,'Rock',15,'Bank fault',2015),(928,147,'Country',17,'Army of ants',2016),(929,317,'Country',12,'Impulse reaction',2011),(930,150,'Folk',16,'Curiositys death',2020),(931,179,'Rock',6,'Red, Love, Satin',2011),(932,447,'Rock',18,'Circle of death',2011),(933,113,'Pop',11,'Ode to the deacon that is a demon',2015),(934,220,'Rock',15,'Climate changed',2010),(935,221,'Pop',12,'Cat got my tongue',2013),(936,234,'Rock',16,'Decisions decisions',2012),(937,361,'Rock',11,'Lets do this',2008),(938,288,'Rock',9,'Baseless',2011),(939,420,'Rock',17,'Pushing up daisies',2014),(940,169,'Folk',8,'Hit the road',2015),(941,385,'Rock',8,'Beyond infinity',2018),(942,209,'Country',13,'Expert opinion',2014),(943,101,'Pop',12,'Final draft',2005),(944,300,'Rock',12,'No ambition',2017),(945,223,'Pop',14,'Beads of sweat',2015),(946,154,'Rock',9,'Unhappy accident',2014),(947,383,'Rock',14,'This belief',2016),(948,299,'Rock',9,'Life knowledge',2015),(949,367,'Country',9,'Cold shoulder',2014),(950,139,'Rock',16,'Two to tango',2020),(951,258,'Country',8,'Grains of sand',2012),(952,103,'Other',7,'Dedication',2007),(953,372,'Country',16,'Cat killed curiosity',2009),(954,298,'Pop',8,'Breaking bread',2011),(955,354,'Rock',8,'Bankrupcy',2020),(956,150,'Folk',16,'Hand in hand',2008),(957,230,'Country',17,'Greener grass',2006),(958,199,'Rock',6,'Curtain fall',2018),(959,252,'Other',18,'Cobweb of lies',2005),(960,101,'Rock',9,'Honesty',2006),(961,389,'Country',15,'Bursting bubbles',2006),(962,290,'Rock',12,'Animals',2014),(963,384,'Rock',14,'Pushing buttons',2019),(964,236,'Other',13,'Battleground',2016),(965,189,'Pop',7,'Here we go',2012),(966,383,'Country',7,'Courage of fools',2017),(967,381,'Rock',7,'Bank fault',2012),(968,225,'Rock',11,'Army of ants',2018),(969,238,'Pop',17,'Impulse reaction',2006),(970,395,'Country',10,'Curiositys death',2016),(971,418,'Rock',16,'Love',2013),(972,105,'Country',14,'Circle of death',2009),(973,142,'Rock',8,'Day Demon',2010),(974,287,'Pop',17,'Climate changed',2010),(975,179,'Rock',14,'Cat got my tongue',2012),(976,403,'Rock',11,'Decisions decisions',2013),(977,171,'Country',13,'Lets do this',2017),(978,345,'Rock',14,'Baseless',2010),(979,285,'Rock',17,'Pushing up daisies',2009),(980,348,'Rock',11,'Hit the road',2011),(981,125,'Rock',15,'Beyond infinity',2014),(982,141,'Country',6,'Expert opinion',2008),(983,208,'Other',11,'Final draft',2013),(984,438,'Country',14,'No ambition',2009),(985,263,'Rock',15,'Beads of sweat',2017),(986,259,'Country',15,'Unhappy accident',2014),(987,428,'Folk',7,'This belief',2016),(988,334,'Country',11,'Life knowledge',2014),(989,159,'Rock',14,'Cold shoulder',2020),(990,396,'Rock',14,'Two to tango',2019),(991,383,'Rock',10,'Grains of sand',2018),(992,194,'Rock',12,'Dedication',2014),(993,116,'Country',13,'Cat killed curiosity',2018),(994,421,'Pop',11,'Breaking bread',2020),(995,132,'Country',8,'Bankrupcy',2011),(996,290,'Country',18,'Hand in hand',2015),(997,239,'Pop',13,'Greener grass',2008),(998,381,'Other',15,'Curtain fall',2013),(999,290,'Rock',8,'Cobweb of lies',2016),(1000,426,'Folk',15,'Honesty',2012),(1001,220,'Pop',16,'Bursting bubbles',2011),(1002,117,'Pop',15,'Animals',2019),(1003,319,'Country',6,'Pushing buttons',2016),(1004,379,'Pop',13,'Battleground',2009),(1005,296,'Rock',10,'Here we go',2009),(1006,408,'Rock',14,'Courage of fools',2017),(1007,407,'Rock',10,'Bank fault',2014),(1008,441,'Rock',12,'Army of ants',2016),(1009,292,'Pop',9,'Impulse reaction',2018),(1010,215,'Country',15,'Curiositys death',2020),(1011,174,'Other',8,'I do not love you',2005),(1012,158,'Rock',11,'Circle of death',2017),(1013,332,'Folk',9,'Speak of the demon',2011),(1014,134,'Country',17,'Climate changed',2014),(1015,149,'Pop',17,'Cat got my tongue',2019),(1016,426,'Folk',14,'Decisions decisions',2013),(1017,227,'Country',15,'Lets do this',2019),(1018,162,'Rock',15,'Baseless',2008),(1019,191,'Folk',8,'Pushing up daisies',2013),(1020,337,'Rock',7,'Hit the road',2017),(1021,395,'Country',15,'Beyond infinity',2017),(1022,279,'Rock',15,'Expert opinion',2018),(1023,323,'Rock',9,'Final draft',2019),(1024,186,'Pop',18,'No ambition',2014),(1025,354,'Rock',7,'Beads of sweat',2014),(1026,137,'Country',15,'Unhappy accident',2019),(1027,389,'Country',17,'This belief',2007),(1028,377,'Other',7,'Life knowledge',2006),(1029,121,'Pop',9,'Cold shoulder',2008),(1030,120,'Pop',7,'Two to tango',2006),(1031,408,'Rock',12,'Grains of sand',2018),(1032,237,'Country',14,'Dedication',2012),(1033,414,'Country',9,'Cat killed curiosity',2007),(1034,220,'Pop',12,'Breaking bread',2012),(1035,389,'Country',10,'Bankrupcy',2008),(1036,158,'Rock',8,'Hand in hand',2018),(1037,262,'Folk',11,'Greener grass',2016),(1038,385,'Rock',7,'Curtain fall',2010),(1039,146,'Rock',16,'Cobweb of lies',2015),(1040,420,'Country',13,'Honesty',2015),(1041,243,'Country',14,'Bursting bubbles',2010),(1042,243,'Country',10,'Animals',2011),(1043,205,'Rock',15,'Pushing buttons',2015),(1044,433,'Folk',8,'Battleground',2017),(1045,186,'Pop',16,'Here we go',2015),(1046,197,'Rock',9,'Courage of fools',2015),(1047,133,'Country',17,'Bank fault',2013),(1048,330,'Country',9,'Army of ants',2010),(1049,343,'Pop',14,'Impulse reaction',2008),(1050,298,'Pop',9,'Curiositys death',2012),(1051,351,'Rock',6,'Love',2016),(1052,230,'Folk',9,'Circle of death',2007),(1053,293,'Folk',8,'Demon deacons are the best',2020),(1054,426,'Folk',13,'Climate changed',2014),(1055,399,'Rock',10,'Cat got my tongue',2005),(1056,387,'Rock',10,'Decisions decisions',2017),(1057,337,'Rock',12,'Lets do this',2018),(1058,145,'Rock',10,'Baseless',2013),(1059,438,'Country',14,'Pushing up daisies',2010),(1060,413,'Rock',14,'Hit the road',2020),(1061,184,'Rock',9,'Beyond infinity',2020),(1062,352,'Rock',16,'Expert opinion',2018),(1063,385,'Rock',10,'Final draft',2013),(1064,168,'Rock',17,'No ambition',2013),(1065,236,'Rock',14,'Beads of sweat',2017),(1066,283,'Pop',10,'Unhappy accident',2006),(1067,132,'Country',9,'This belief',2012),(1068,159,'Folk',15,'Life knowledge',2016),(1069,444,'Pop',8,'Cold shoulder',2020),(1070,322,'Country',12,'Two to tango',2018),(1071,391,'Country',11,'Grains of sand',2012),(1072,443,'Rock',14,'Dedication',2019),(1073,136,'Country',6,'Cat killed curiosity',2018),(1074,131,'Rock',15,'Breaking bread',2009),(1075,211,'Rock',8,'Bankrupcy',2016),(1076,186,'Pop',15,'Hand in hand',2016),(1077,343,'Rock',12,'Greener grass',2009),(1078,243,'Pop',13,'Curtain fall',2012),(1079,364,'Rock',15,'Cobweb of lies',2011),(1080,200,'Rock',11,'Honesty',2013),(1081,252,'Country',7,'Bursting bubbles',2006),(1082,194,'Rock',9,'Animals',2015),(1083,288,'Country',17,'Pushing buttons',2012),(1084,333,'Rock',14,'Battleground',2013),(1085,258,'Country',10,'Here we go',2013),(1086,129,'Country',9,'Courage of fools',2005),(1087,387,'Rock',17,'Bank fault',2019),(1088,417,'Rock',15,'Army of ants',2011),(1089,125,'Rock',15,'Impulse reaction',2015),(1090,323,'Rock',9,'Curiositys death',2020),(1091,387,'Rock',8,'Toxic Friends',2019),(1092,372,'Country',17,'My goodness',2013),(1093,370,'Country',12,'Life Changer',2019),(1094,159,'Folk',16,'Longing To Belong',2018);
/*!40000 ALTER TABLE `albums` ENABLE KEYS */;
UNLOCK TABLES;

--
-- Table structure for table `annualsales`
--

DROP TABLE IF EXISTS `annualsales`;
/*!40101 SET @saved_cs_client     = @@character_set_client */;
/*!50503 SET character_set_client = utf8mb4 */;
CREATE TABLE `annualsales` (
  `AnnualSaleID` int(11) NOT NULL AUTO_INCREMENT,
  `AlbID` int(11) DEFAULT NULL,
  `Year` int(11) DEFAULT NULL,
  `NoCopiesSold` int(11) DEFAULT NULL,
  `ProfitPerCopy` double DEFAULT NULL,
  PRIMARY KEY (`AnnualSaleID`)
) ENGINE=MyISAM AUTO_INCREMENT=1339 DEFAULT CHARSET=latin1;
/*!40101 SET character_set_client = @saved_cs_client */;

--
-- Dumping data for table `annualsales`
--

LOCK TABLES `annualsales` WRITE;
/*!40000 ALTER TABLE `annualsales` DISABLE KEYS */;
INSERT INTO `annualsales` (`AnnualSaleID`, `AlbID`, `Year`, `NoCopiesSold`, `ProfitPerCopy`) VALUES (1,650,2017,151699,6.47),(2,651,2010,147985,5.55),(3,652,2014,184565,5.83),(4,653,2014,149820,5.72),(5,654,2007,159519,6.97),(6,655,2014,145472,7.22),(7,656,2020,129040,6.04),(8,657,2005,112999,5.58),(9,658,2010,147850,6.78),(10,659,2012,172542,6.36),(11,660,2009,143666,5.92),(12,661,2006,155274,6.67),(13,662,2018,133806,4.73),(14,663,2014,154176,6.77),(15,664,2005,146405,6.43),(16,665,2015,177796,7.43),(17,666,2009,158232,6.38),(18,667,2009,157101,5.96),(19,668,2010,154859,7.6),(20,669,2016,136981,7.25),(21,670,2013,150722,5.48),(22,671,2011,140026,6.7),(23,672,2012,173893,6.63),(24,673,2015,139683,6.17),(25,674,2008,131045,6.37),(26,675,2012,123004,6.19),(27,676,2013,146599,5.17),(28,677,2019,140635,5.93),(29,678,2008,136188,5.46),(30,679,2006,153320,5.22),(31,680,2006,150366,7.01),(32,681,2015,131491,5.37),(33,682,2008,130752,5.08),(34,683,2015,146323,6.44),(35,684,2009,148166,5.52),(36,685,2014,150853,7.12),(37,686,2007,174506,5.3),(38,687,2010,146259,7.52),(39,688,2018,142995,5.06),(40,689,2018,140641,5.63),(41,690,2015,155063,5.94),(42,691,2005,155258,4.22),(43,692,2006,135808,5.92),(44,693,2016,141829,4.85),(45,694,2006,142328,6.81),(46,695,2007,138400,6.36),(47,696,2018,158693,6.47),(48,697,2019,124195,4.74),(49,698,2013,156477,6.52),(50,699,2006,143893,6.13),(51,700,2007,156311,7.23),(52,701,2007,137737,5.41),(53,702,2019,142018,6.51),(54,703,2012,151633,6.86),(55,704,2019,139106,6.43),(56,705,2011,151314,3.71),(57,706,2015,146380,6.48),(58,707,2012,138416,6.76),(59,708,2005,159195,5.72),(60,709,2019,155872,6.12),(61,710,2020,170393,5.99),(62,711,2011,152177,6.31),(63,712,2012,135928,7.15),(64,713,2014,163255,6.5),(65,714,2009,179864,5.42),(66,715,2012,128415,6.48),(67,716,2012,162119,5.8),(68,717,2020,145718,4.11),(69,718,2011,163578,5.87),(70,719,2007,144649,6.73),(71,720,2007,160652,6.16),(72,721,2017,146014,6),(73,722,2014,135957,6.68),(74,723,2010,158486,5.51),(75,724,2007,148785,7.33),(76,725,2017,134253,7),(77,726,2014,152956,6.1),(78,727,2012,149821,7.04),(79,728,2016,147240,5.3),(80,729,2018,148938,5.46),(81,730,2015,133026,5.58),(82,731,2018,168402,6.5),(83,732,2017,160513,5.87),(84,733,2020,178938,5.24),(85,734,2009,155401,6.15),(86,735,2020,129524,6.37),(87,736,2019,141521,6.28),(88,737,2018,136882,5.79),(89,738,2017,146013,5.96),(90,739,2020,165659,5.42),(91,740,2020,154212,4.54),(92,741,2006,132389,6.85),(93,742,2015,127184,6.37),(94,743,2018,135624,5.44),(95,744,2010,131836,5.2),(96,745,2010,158899,5.2),(97,746,2012,136998,5.68),(98,747,2017,134679,5.86),(99,748,2011,156507,6.71),(100,749,2009,158287,4.77),(101,750,2005,144858,6.83),(102,751,2020,146521,4.95),(103,752,2017,150318,6.08),(104,753,2008,127480,5.57),(105,754,2020,146578,6.01),(106,755,2016,147305,5.54),(107,756,2016,149137,5.33),(108,757,2018,137223,7.37),(109,758,2019,151246,5.82),(110,759,2019,158723,5.72),(111,760,2005,143112,7.49),(112,761,2010,163215,5.56),(113,762,2018,151003,6.81),(114,763,2019,152150,6.68),(115,764,2016,155366,6.96),(116,765,2009,162370,6.98),(117,766,2005,183326,4.8),(118,767,2010,148762,6.05),(119,768,2009,164698,6.27),(120,769,2015,170724,4.82),(121,770,2017,140760,5.81),(122,771,2009,162004,7.14),(123,772,2015,145151,6.56),(124,773,2014,149085,6.77),(125,774,2020,149368,6.68),(126,775,2008,162415,5.83),(127,776,2013,148594,5.52),(128,777,2017,144501,6.7),(129,778,2011,126446,4.85),(130,779,2009,133064,4.32),(131,780,2006,168196,6.23),(132,781,2015,156910,6.83),(133,782,2016,146209,6.22),(134,783,2019,149927,6.4),(135,784,2008,155993,4.82),(138,787,2014,117310,6.25),(139,788,2009,178337,6.58),(140,789,2019,169621,7.03),(141,790,2017,153128,6.04),(142,791,2008,130089,5.31),(143,792,2020,166062,5.83),(144,793,2007,146083,5.56),(145,794,2005,111006,6.99),(146,795,2016,115171,5.28),(147,796,2007,157564,6.31),(148,797,2015,140284,5.38),(149,798,2020,135413,5.05),(150,799,2010,157382,6.5),(151,800,2013,167840,5.51),(152,801,2008,153486,5.1),(153,802,2008,156640,5.84),(154,803,2017,137703,6.46),(155,804,2012,162935,5.08),(156,805,2005,140638,4.8),(157,806,2016,164447,5.47),(158,807,2016,157270,6.41),(159,808,2011,146244,6.48),(160,809,2013,152679,6.71),(161,810,2014,157770,6.39),(162,811,2020,148100,6.11),(163,812,2015,146205,5.7),(164,813,2012,169941,7.39),(165,814,2015,154303,5.78),(166,815,2007,148008,4.63),(167,816,2005,154885,6.32),(168,817,2009,133139,6.16),(169,818,2010,168016,7.47),(170,819,2015,162254,5.6),(171,820,2010,158526,6.06),(172,821,2016,129553,5.64),(173,822,2010,174369,6.14),(174,823,2005,143049,5.35),(175,824,2006,155258,5.34),(176,825,2019,147978,6.68),(177,826,2012,186864,6.21),(178,827,2012,177094,3.86),(179,828,2005,129613,6.06),(180,829,2008,121839,6.16),(181,830,2009,154284,5.32),(182,831,2015,167932,7.43),(183,832,2007,155317,6.95),(184,833,2019,152286,6.85),(185,834,2006,156986,6.85),(186,835,2018,128176,5.43),(187,836,2008,133790,6.43),(188,837,2017,156576,6.67),(189,838,2009,163813,5.12),(190,839,2007,158354,6.85),(191,840,2011,148580,5.56),(192,841,2011,149269,4.98),(193,842,2007,163809,5.68),(194,843,2007,141807,5.89),(195,844,2020,150833,7.23),(196,845,2017,162264,6.67),(197,846,2013,157454,6.71),(198,847,2009,148377,6.63),(199,848,2019,149105,5.47),(200,849,2010,146595,6.24),(201,850,2009,173621,6.61),(202,851,2008,155349,4.97),(203,852,2017,139781,6.14),(204,853,2008,149387,5.96),(205,854,2009,142606,7.17),(206,855,2013,139059,6.04),(207,856,2008,152430,7.75),(208,857,2005,152546,5.83),(209,858,2011,157734,5.85),(210,859,2005,157648,6.15),(211,860,2006,144206,6.03),(212,861,2019,168094,6.12),(213,862,2005,162018,4.58),(214,863,2011,150607,5.18),(215,864,2018,164374,6.5),(216,865,2013,160416,6.53),(217,866,2019,149193,7.39),(218,867,2016,140775,6.41),(219,868,2014,162751,6.39),(220,869,2012,154911,5.51),(221,870,2010,153958,4.67),(222,871,2013,149925,4.71),(223,872,2007,154010,5.23),(224,873,2010,154489,5.82),(225,874,2013,139619,4.73),(226,875,2009,152835,5.83),(227,876,2006,138905,5.26),(228,877,2014,152774,7.78),(229,878,2018,148215,5.83),(230,879,2016,149320,4.77),(231,880,2016,137814,5.35),(232,881,2019,124650,7.69),(233,882,2013,171425,6.93),(234,883,2020,158186,5.71),(235,884,2014,131874,4.96),(236,885,2016,169859,6.4),(237,886,2014,140930,7.21),(238,887,2006,142740,6.12),(239,888,2020,149829,7.33),(240,889,2013,143821,5.58),(241,890,2008,169198,6.11),(242,891,2007,146634,5.21),(243,892,2016,126157,4.92),(244,893,2015,139948,5.59),(245,894,2012,125420,5.03),(246,895,2008,137690,4.86),(247,896,2011,171325,6.14),(248,897,2014,162246,5.63),(249,898,2010,174289,6.27),(250,899,2007,176575,5.57),(251,900,2010,147769,5.43),(252,901,2005,145379,5.49),(253,902,2015,148383,6.07),(254,903,2012,132140,5.5),(255,904,2005,130100,6.79),(256,905,2011,122310,4.99),(257,906,2011,165594,6.49),(258,907,2012,154957,4.52),(259,908,2015,138214,5.28),(260,909,2018,171557,5.87),(261,910,2013,179610,5.49),(262,911,2006,102239,6.35),(263,912,2010,132361,6.56),(264,913,2010,149209,6.12),(265,914,2005,173981,6.45),(266,915,2008,179909,6.93),(267,916,2013,142441,6.4),(268,917,2007,154896,6.55),(269,918,2018,133846,7.14),(270,919,2020,142631,7.08),(271,920,2020,164003,6.68),(272,921,2014,134228,6.06),(273,922,2008,149110,6.61),(274,923,2020,144414,5.08),(275,924,2009,158121,6.11),(276,925,2017,134809,4.98),(277,926,2017,156694,5.09),(278,927,2015,138558,7.55),(279,928,2016,151260,5.19),(280,929,2011,157083,6.26),(281,930,2020,139086,5.95),(282,931,2011,151895,6.16),(283,932,2011,121389,5.4),(284,933,2015,161828,6.09),(285,934,2010,143639,6.03),(286,935,2013,146670,6.36),(287,936,2012,131050,5.63),(288,937,2008,128454,6.03),(289,938,2011,153604,4.63),(290,939,2014,123871,6.04),(291,940,2015,178840,6.49),(292,941,2018,123648,4.8),(293,942,2014,145645,4.71),(294,943,2005,152363,5.96),(295,944,2017,156740,6.59),(296,945,2015,166346,6.99),(297,946,2014,154132,6.4),(298,947,2016,158846,4.85),(299,948,2015,152142,5.51),(300,949,2014,147430,6.59),(301,950,2020,154029,4.11),(302,951,2012,141851,5.74),(303,952,2007,125559,4.61),(304,953,2009,150387,6.3),(305,954,2011,126488,5.3),(306,955,2020,125523,6.76),(307,956,2008,141734,7.39),(308,957,2006,143497,5.74),(309,958,2018,142419,5.79),(310,959,2005,168451,4.52),(311,960,2006,157718,5.26),(312,961,2006,152903,6.36),(313,962,2014,133169,6.97),(314,963,2019,151931,6.15),(315,964,2016,160207,6.43),(316,965,2012,125494,5.66),(317,966,2017,165066,5.61),(318,967,2012,162638,5.58),(319,968,2018,144698,6.32),(320,969,2006,177932,6.03),(321,970,2016,151664,4.89),(322,971,2013,137608,4.7),(323,972,2009,158806,4.86),(324,973,2010,153824,6.1),(325,974,2010,178634,6.52),(326,975,2012,131454,6.8),(327,976,2013,158383,6.35),(328,977,2017,134318,5.62),(329,978,2010,136388,5.74),(330,979,2009,142001,5.46),(331,980,2011,158740,6.4),(332,981,2014,159315,5.45),(333,982,2008,149282,6.22),(334,983,2013,111623,6.83),(335,984,2009,161017,5.99),(336,985,2017,160710,5.72),(337,986,2014,153138,6.49),(338,987,2016,166264,5.45),(339,988,2014,147875,4.17),(340,989,2020,157125,6.17),(341,990,2019,140196,5.63),(342,991,2018,142352,6.1),(343,992,2014,140552,5.04),(344,993,2018,113115,5.19),(345,994,2020,147714,5.6),(346,995,2011,150854,6.45),(347,996,2015,143036,5.46),(348,997,2008,141894,6.1),(349,998,2013,128657,6.34),(350,999,2016,187019,6.5),(351,1000,2012,160070,6.19),(352,1001,2011,166772,7),(353,1002,2019,139189,5.91),(354,1003,2016,174524,5.17),(355,1004,2009,146514,7.03),(356,1005,2009,144242,5.51),(357,1006,2017,176532,5.11),(358,1007,2014,145441,6.18),(359,1008,2016,138299,6.54),(360,1009,2018,157654,5.51),(361,1010,2020,138557,5.88),(362,1011,2005,170150,6.9),(363,1012,2017,149333,5.77),(364,1013,2011,153299,5.91),(365,1014,2014,141883,7.34),(366,1015,2019,157221,5.41),(367,1016,2013,138183,5.2),(368,1017,2019,145411,5.76),(369,1018,2008,155814,5.55),(370,1019,2013,146083,5.93),(371,1020,2017,121429,4.88),(372,1021,2017,166488,6.71),(373,1022,2018,140794,5.08),(374,1023,2019,147610,4.02),(375,1024,2014,155004,5.35),(376,1025,2014,142427,7.52),(377,1026,2019,133802,5.67),(378,1027,2007,164842,5.53),(379,1028,2006,147829,5.08),(380,1029,2008,134914,6.74),(381,1030,2006,142108,6),(382,1031,2018,135038,6.12),(383,1032,2012,159208,5.23),(384,1033,2007,137359,6.98),(385,1034,2012,132130,6.73),(386,1035,2008,155322,6.34),(387,1036,2018,159723,5.72),(388,1037,2016,142309,5.13),(389,1038,2010,149511,5.65),(390,1039,2015,144464,5.09),(391,1040,2015,177903,5.35),(392,1041,2010,154710,6.8),(393,1042,2011,152986,5.58),(394,1043,2015,154457,5.7),(395,1044,2017,146199,7.42),(396,1045,2015,149159,5.48),(397,1046,2015,149009,3.84),(398,1047,2013,141911,6.02),(399,1048,2010,150573,5.81),(400,1049,2008,153035,6.37),(401,1050,2012,179326,4.56),(402,1051,2016,146564,5.92),(403,1052,2007,127491,5.57),(404,1053,2020,139024,6.14),(405,1054,2014,163026,5.47),(406,1055,2005,160642,5.26),(407,1056,2017,163951,7.51),(408,1057,2018,130035,7.56),(409,1058,2013,167145,5.69),(410,1059,2010,150854,4.89),(411,1060,2020,138815,6.38),(412,1061,2020,174368,4.73),(413,1062,2018,155458,6.97),(414,1063,2013,173386,5.79),(415,1064,2013,156991,5.77),(416,1065,2017,160206,6.41),(417,1066,2006,156728,5.37),(418,1067,2012,165364,5.88),(419,1068,2016,143344,5.76),(420,1069,2020,181246,5.1),(421,1070,2018,164634,5.88),(422,1071,2012,154303,5.97),(423,1072,2019,152395,4.29),(424,1073,2018,164549,5.85),(425,1074,2009,149949,5.51),(426,1075,2016,151506,5.99),(427,1076,2016,133296,4.92),(428,1077,2009,153796,6),(429,1078,2012,119252,4.55),(430,1079,2011,154487,5.62),(431,1080,2013,160070,5.09),(432,1081,2006,149371,6.24),(433,1082,2015,162611,6.15),(434,1083,2012,179483,7.02),(435,1084,2013,146690,5.62),(436,1085,2013,170524,6.97),(437,1086,2005,125753,5.72),(438,1087,2019,154497,5.54),(439,1088,2011,145282,5.98),(440,1089,2015,150754,6.65),(441,1090,2020,139484,4.44),(442,1091,2019,157570,5.85),(443,1092,2013,157460,4.84),(444,1093,2019,176190,5.67),(445,1094,2018,145530,6.23),(447,650,2018,133261,5.74),(448,651,2011,200342,5.58),(449,652,2015,200528,7.78),(450,653,2015,199117,6.21),(451,654,2008,175631,6.31),(452,655,2015,151183,4.64),(453,656,2021,150300,5.82),(454,657,2006,140975,7.08),(455,658,2011,141359,5.68),(456,659,2013,207843,6.37),(457,660,2010,171847,7.03),(458,661,2007,163688,5.98),(459,662,2019,194881,4.65),(460,663,2015,167059,7.89),(461,664,2006,165618,6.52),(462,665,2016,158403,5.59),(463,666,2010,228094,6.56),(464,667,2010,156056,5.98),(465,668,2011,142173,6.35),(466,669,2017,198279,7.02),(467,670,2014,171892,7.07),(468,671,2012,161877,5.2),(469,672,2013,163218,5.92),(470,673,2016,179522,6.33),(471,674,2009,128168,6.72),(472,675,2013,139451,7.57),(473,676,2014,143513,6),(474,677,2020,188206,7.29),(475,678,2009,178027,5.16),(476,679,2007,173350,6.64),(477,680,2007,191875,6.33),(478,681,2016,181360,5.22),(479,682,2009,152423,5.67),(480,683,2016,161926,5.24),(481,684,2010,237874,5.27),(482,685,2015,202558,5.44),(483,686,2008,178435,5.94),(484,687,2011,182935,5.67),(485,688,2019,155044,5.37),(486,689,2019,210428,6.03),(487,690,2016,210730,4.93),(488,691,2006,147515,5.82),(489,692,2007,136107,6.25),(490,693,2017,173206,5.41),(491,694,2007,112845,5.9),(492,695,2008,210461,6.02),(493,696,2019,152324,5.81),(494,697,2020,183826,5.51),(495,698,2014,189425,5.99),(496,699,2007,177268,6.09),(497,700,2008,138039,5.7),(498,701,2008,228182,6.6),(499,702,2020,209727,5.49),(500,703,2013,226849,6.87),(501,704,2020,167496,5.89),(502,705,2012,161446,5.49),(503,706,2016,153978,6.03),(504,707,2013,120560,5.4),(505,708,2006,165020,5.87),(506,709,2020,167974,4.65),(507,710,2021,179610,5.8),(508,711,2012,162759,6.11),(509,712,2013,163413,4.11),(510,713,2015,149803,4.7),(511,714,2010,184192,4.82),(512,715,2013,149596,5.96),(513,716,2013,170103,5.87),(514,717,2021,172504,6.4),(515,718,2012,154517,7.19),(516,719,2008,167630,6.81),(517,720,2008,188879,6.6),(518,721,2018,155562,7.03),(519,722,2015,150204,6.27),(520,723,2011,192841,5.27),(521,724,2008,196766,5.69),(522,725,2018,193054,7.36),(523,726,2015,198342,5.48),(524,727,2013,177598,5.46),(525,728,2017,158627,4.53),(526,729,2019,144689,6.94),(527,730,2016,176850,4.81),(528,731,2019,158295,5.1),(529,732,2018,179239,5.58),(530,733,2021,187792,4.76),(531,734,2010,135491,6.54),(532,735,2021,178210,6.65),(533,736,2020,177739,4.28),(534,737,2019,145001,5.42),(535,738,2018,197478,5.49),(536,739,2021,156059,4.79),(537,740,2021,182716,6.61),(538,741,2007,164074,5.71),(539,742,2016,128120,6.31),(540,743,2019,143181,6.54),(541,744,2011,207497,6.13),(542,745,2011,199547,6.24),(543,746,2013,146038,4.8),(544,747,2018,183856,5.37),(545,748,2012,99058,6.62),(546,749,2010,121963,6.44),(547,750,2006,146462,6.16),(548,751,2021,199546,6.07),(549,752,2018,136860,6.53),(550,753,2009,160869,6.58),(551,754,2021,193969,6.09),(552,755,2017,153924,7.3),(553,756,2017,203657,6),(554,757,2019,170364,6.36),(555,758,2020,176137,6.03),(556,759,2020,148558,5.46),(557,760,2006,154003,5.17),(558,761,2011,94572,5.31),(559,762,2019,191817,7.18),(560,763,2020,204079,6.7),(561,764,2017,176694,5.66),(562,765,2010,157137,6.4),(563,766,2006,153464,6.08),(564,767,2011,181323,6.34),(565,768,2010,154297,5.53),(566,769,2016,140534,5.78),(567,770,2018,155041,5.93),(568,771,2010,183341,6.43),(569,772,2016,152570,5.87),(570,773,2015,169984,5.11),(571,774,2021,191306,6.3),(572,775,2009,120506,6.18),(573,776,2014,154594,5.56),(574,777,2018,204492,6.82),(575,778,2012,180672,4.79),(576,779,2010,151424,5.95),(577,780,2007,155627,6.14),(578,781,2016,192732,6.21),(579,782,2017,164522,5.75),(580,783,2020,162235,5.33),(581,784,2009,117366,6),(584,787,2015,150275,5.29),(585,788,2010,149713,5.29),(586,789,2020,163602,5.76),(587,790,2018,190156,4.97),(588,791,2009,167292,6.66),(589,792,2021,198622,5.09),(590,793,2008,125684,5.23),(591,794,2006,188573,5.17),(592,795,2017,145905,6.26),(593,796,2008,186309,5.45),(594,797,2016,125023,5.09),(595,798,2021,198288,5.69),(596,799,2011,176471,7),(597,800,2014,175317,6.92),(598,801,2009,160010,4.71),(599,802,2009,139097,5.83),(600,803,2018,176108,7.17),(601,804,2013,186261,6.08),(602,805,2006,181330,4.5),(603,806,2017,199975,4.39),(604,807,2017,147242,5.66),(605,808,2012,170616,6.33),(606,809,2014,203733,7.2),(607,810,2015,190402,6.22),(608,811,2021,163767,5.52),(609,812,2016,177264,6.08),(610,813,2013,148464,6.51),(611,814,2016,152375,5.43),(612,815,2008,187624,5.81),(613,816,2006,160647,6.17),(614,817,2010,187445,6.37),(615,818,2011,209598,5.76),(616,819,2016,187763,5.98),(617,820,2011,158626,5.82),(618,821,2017,189454,5.75),(619,822,2011,178267,5.44),(620,823,2006,210135,6.24),(621,824,2007,166502,7.02),(622,825,2020,215107,6.92),(623,826,2013,163689,6.43),(624,827,2013,179095,5.88),(625,828,2006,155150,6.76),(626,829,2009,163041,5.41),(627,830,2010,158599,6.63),(628,831,2016,184265,5.35),(629,832,2008,147636,6.42),(630,833,2020,184006,5.78),(631,834,2007,127781,5.7),(632,835,2019,155977,5.47),(633,836,2009,150324,5.2),(634,837,2018,202653,6.72),(635,838,2010,140884,7.42),(636,839,2008,151191,5.72),(637,840,2012,133717,6.31),(638,841,2012,153498,6),(639,842,2008,159298,6.08),(640,843,2008,169970,5.01),(641,844,2021,197414,7.14),(642,845,2018,140436,5.89),(643,846,2014,179355,7.17),(644,847,2010,136840,6.65),(645,848,2020,204313,5.98),(646,849,2011,155813,6.99),(647,850,2010,212654,5.59),(648,851,2009,144905,7.01),(649,852,2018,177843,6.43),(650,853,2009,189995,6.39),(651,854,2010,203797,4.93),(652,855,2014,146132,6.36),(653,856,2009,130350,5.68),(654,857,2006,129707,4.81),(655,858,2012,164115,5.33),(656,859,2006,182879,5.97),(657,860,2007,176892,6.01),(658,861,2020,191337,6.69),(659,862,2006,149507,6.67),(660,863,2012,186408,6.08),(661,864,2019,133178,5.74),(662,865,2014,241269,6.18),(663,866,2020,190779,6.11),(664,867,2017,170268,4.98),(665,868,2015,163281,5.86),(666,869,2013,175667,5.65),(667,870,2011,173602,5.36),(668,871,2014,200252,6.64),(669,872,2008,166769,5.53),(670,873,2011,173595,6.55),(671,874,2014,182685,6.23),(672,875,2010,132973,7.05),(673,876,2007,210345,7.08),(674,877,2015,162310,5.89),(675,878,2019,168461,6.43),(676,879,2017,182888,6.05),(677,880,2017,179440,6.27),(678,881,2020,158729,7.11),(679,882,2014,225967,6.28),(680,883,2021,185854,4.73),(681,884,2015,118943,7.67),(682,885,2017,224472,6.45),(683,886,2015,183184,4.54),(684,887,2007,180150,6.43),(685,888,2021,213993,5.74),(686,889,2014,194688,6.14),(687,890,2009,172696,5.92),(688,891,2008,158982,6.57),(689,892,2017,225884,7.48),(690,893,2016,182956,5.27),(691,894,2013,169608,5.37),(692,895,2009,135143,6.96),(693,896,2012,207525,5.76),(694,897,2015,174882,6.06),(695,898,2011,195914,6.65),(696,899,2008,177355,5.87),(697,900,2011,159161,6.26),(698,901,2006,187451,5.92),(699,902,2016,119975,6.09),(700,903,2013,134270,7.14),(701,904,2006,191195,6.61),(702,905,2012,195336,6.03),(703,906,2012,176109,7.05),(704,907,2013,180107,6.49),(705,908,2016,161763,6.64),(706,909,2019,168017,6.05),(707,910,2014,199749,5.12),(708,911,2007,158524,5.88),(709,912,2011,202958,5.9),(710,913,2011,203578,5.68),(711,914,2006,167713,5.68),(712,915,2009,205010,5.4),(713,916,2014,196940,4.82),(714,917,2008,199536,4.76),(715,918,2019,156112,5.67),(716,919,2021,116748,5.59),(717,920,2021,203042,5.37),(718,921,2015,202123,6.88),(719,922,2009,124844,4.79),(720,923,2021,187277,6.5),(721,924,2010,203438,5.19),(722,925,2018,183181,5.75),(723,926,2018,152188,6.13),(724,927,2016,187704,6.57),(725,928,2017,183834,5.39),(726,929,2012,147471,7.54),(727,930,2021,168328,5.9),(728,931,2012,173964,5.48),(729,932,2012,150539,6.9),(730,933,2016,172142,6.3),(731,934,2011,195737,6.15),(732,935,2014,138360,5.83),(733,936,2013,175226,6.24),(734,937,2009,201364,5.77),(735,938,2012,150347,4.72),(736,939,2015,188321,5.28),(737,940,2016,195295,5.54),(738,941,2019,160101,6.56),(739,942,2015,184466,6.33),(740,943,2006,153544,6.05),(741,944,2018,143745,5.02),(742,945,2016,170384,6.99),(743,946,2015,162706,6.21),(744,947,2017,138480,6.45),(745,948,2016,171060,5.04),(746,949,2015,178147,5.13),(747,950,2021,173914,6.18),(748,951,2013,192874,6.49),(749,952,2008,197406,6.3),(750,953,2010,138690,4.79),(751,954,2012,178229,5.31),(752,955,2021,142310,6.01),(753,956,2009,179548,5.21),(754,957,2007,164472,6.86),(755,958,2019,228357,5.86),(756,959,2006,150196,7.63),(757,960,2007,184672,4.26),(758,961,2007,179649,5.46),(759,962,2015,135329,6.85),(760,963,2020,174297,4.93),(761,964,2017,177104,6.45),(762,965,2013,213969,5.87),(763,966,2018,169139,5.67),(764,967,2013,155065,7.33),(765,968,2019,164965,7.3),(766,969,2007,205491,5.08),(767,970,2017,165032,5.97),(768,971,2014,142892,5.24),(769,972,2010,178322,4.72),(770,973,2011,163393,5.5),(771,974,2011,197996,5.57),(772,975,2013,203220,5.57),(773,976,2014,149234,5.87),(774,977,2018,186089,5.93),(775,978,2011,158698,5.14),(776,979,2010,130887,4.75),(777,980,2012,188961,5.44),(778,981,2015,197480,6.57),(779,982,2009,167061,5.28),(780,983,2014,177383,6.19),(781,984,2010,155015,5.75),(782,985,2018,197621,6.04),(783,986,2015,185762,6.62),(784,987,2017,149660,4.56),(785,988,2015,176180,4.83),(786,989,2021,135115,5.29),(787,990,2020,126917,6.19),(788,991,2019,152483,5.73),(789,992,2015,175279,6.16),(790,993,2019,190151,7.07),(791,994,2021,151623,5.77),(792,995,2012,216409,7.23),(793,996,2016,167983,4.38),(794,997,2009,176168,6.11),(795,998,2014,159129,6.29),(796,999,2017,170269,7.06),(797,1000,2013,183605,6.81),(798,1001,2012,223559,5.52),(799,1002,2020,163851,4),(800,1003,2017,143629,5.5),(801,1004,2010,207873,4.73),(802,1005,2010,126268,5.42),(803,1006,2018,227720,6.87),(804,1007,2015,120952,5.79),(805,1008,2017,171640,5.77),(806,1009,2019,184035,5.73),(807,1010,2021,202281,6.42),(808,1011,2006,171782,5.7),(809,1012,2018,159656,6.55),(810,1013,2012,159930,6.51),(811,1014,2015,163659,4.87),(812,1015,2020,158472,6.31),(813,1016,2014,145059,6.1),(814,1017,2020,202663,6.33),(815,1018,2009,163717,6.45),(816,1019,2014,164448,6.21),(817,1020,2018,149159,5.7),(818,1021,2018,155306,7.28),(819,1022,2019,175003,6.73),(820,1023,2020,151489,5.52),(821,1024,2015,215017,6.17),(822,1025,2015,231821,5.77),(823,1026,2020,131320,7.39),(824,1027,2008,198567,6.82),(825,1028,2007,208548,5.74),(826,1029,2009,173419,6.02),(827,1030,2007,164300,5.16),(828,1031,2019,183396,5.48),(829,1032,2013,198901,5.75),(830,1033,2008,186781,6.38),(831,1034,2013,165196,6.66),(832,1035,2009,170580,6.39),(833,1036,2019,155638,7.24),(834,1037,2017,144627,6.2),(835,1038,2011,153745,6.22),(836,1039,2016,169546,5.92),(837,1040,2016,161682,7.03),(838,1041,2011,137655,6.2),(839,1042,2012,203643,6.68),(840,1043,2016,161685,4.8),(841,1044,2018,138440,5.73),(842,1045,2016,168076,5.56),(843,1046,2016,167958,4.73),(844,1047,2014,170399,4.02),(845,1048,2011,113380,6.95),(846,1049,2009,138970,6.11),(847,1050,2013,202986,5.28),(848,1051,2017,198199,4.85),(849,1052,2008,154997,7.25),(850,1053,2021,152823,5.87),(851,1054,2015,203372,5.39),(852,1055,2006,145932,5.79),(853,1056,2018,159681,6.72),(854,1057,2019,204914,5.53),(855,1058,2014,149799,5.66),(856,1059,2011,203761,6.94),(857,1060,2021,131788,5.65),(858,1061,2021,133473,7.29),(859,1062,2019,201294,6.98),(860,1063,2014,197357,7.19),(861,1064,2014,159053,6.74),(862,1065,2018,230454,6.72),(863,1066,2007,181694,7.56),(864,1067,2013,144057,6.4),(865,1068,2017,125269,6.52),(866,1069,2021,149860,5.88),(867,1070,2019,165453,5.84),(868,1071,2013,179485,5.4),(869,1072,2020,212091,6.48),(870,1073,2019,168134,5.61),(871,1074,2010,191977,7.41),(872,1075,2017,152176,6.87),(873,1076,2017,213550,6.82),(874,1077,2010,126172,6.59),(875,1078,2013,161106,5.45),(876,1079,2012,153618,5.14),(877,1080,2014,193803,6.55),(878,1081,2007,201013,5.1),(879,1082,2016,152459,4.24),(880,1083,2013,175155,5.85),(881,1084,2014,141263,6.19),(882,1085,2014,161927,5.42),(883,1086,2006,112200,6.25),(884,1087,2020,145629,7.66),(885,1088,2012,177678,5.92),(886,1089,2016,175435,5.09),(887,1090,2021,153898,6.29),(888,1091,2020,182821,5.31),(889,1092,2014,168449,5.69),(890,1093,2020,155446,5.33),(891,1094,2019,151220,5.99),(893,650,2019,142892,6.47),(894,651,2012,158123,5.55),(895,652,2016,138730,5.83),(896,653,2016,140242,5.72),(897,654,2009,146306,6.97),(898,655,2016,122186,7.22),(899,656,2022,124271,6.04),(900,657,2007,113514,5.58),(901,658,2012,155865,6.78),(902,659,2014,151192,6.36),(903,660,2011,159266,5.92),(904,661,2008,114909,6.67),(905,662,2020,136936,4.73),(906,663,2016,146474,6.77),(907,664,2007,143081,6.43),(908,665,2017,192328,7.43),(909,666,2011,149623,6.38),(910,667,2011,154882,5.96),(911,668,2012,172332,7.6),(912,669,2018,139891,7.25),(913,670,2015,105385,5.48),(914,671,2013,140420,6.7),(915,672,2014,137460,6.63),(916,673,2017,145177,6.17),(917,674,2010,133083,6.37),(918,675,2014,136580,6.19),(919,676,2015,143421,5.17),(920,677,2021,146713,5.93),(921,678,2010,125520,5.46),(922,679,2008,99371,5.22),(923,680,2008,161817,7.01),(924,681,2017,126041,5.37),(925,682,2010,161863,5.08),(926,683,2017,183248,6.44),(927,684,2011,124916,5.52),(928,685,2016,159920,7.12),(929,686,2009,118094,5.3),(930,687,2012,183538,7.52),(931,688,2020,174191,5.06),(932,689,2020,106293,5.63),(933,690,2017,157498,5.94),(934,691,2007,155248,4.22),(935,692,2008,112276,5.92),(936,693,2018,159304,4.85),(937,694,2008,150123,6.81),(938,695,2009,142531,6.36),(939,696,2020,115883,6.47),(940,697,2021,175434,4.74),(941,698,2015,111158,6.52),(942,699,2008,146823,6.13),(943,700,2009,143636,7.23),(944,701,2009,120989,5.41),(945,702,2021,180242,6.51),(946,703,2014,93815,6.86),(947,704,2021,143548,6.43),(948,705,2013,129675,3.71),(949,706,2017,136228,6.48),(950,707,2014,104798,6.76),(951,708,2007,173602,5.72),(952,709,2021,181019,6.12),(953,710,2022,132869,5.99),(954,711,2013,127060,6.31),(955,712,2014,173193,7.15),(956,713,2016,88614,6.5),(957,714,2011,152249,5.42),(958,715,2014,141197,6.48),(959,716,2014,133343,5.8),(960,717,2022,120787,4.11),(961,718,2013,141128,5.87),(962,719,2009,144647,6.73),(963,720,2009,91622,6.16),(964,721,2019,100377,6),(965,722,2016,145629,6.68),(966,723,2012,122210,5.51),(967,724,2009,99781,7.33),(968,725,2019,105181,7),(969,726,2016,185934,6.1),(970,727,2014,149141,7.04),(971,728,2018,151071,5.3),(972,729,2020,175795,5.46),(973,730,2017,124366,5.58),(974,731,2020,141162,6.5),(975,732,2019,131311,5.87),(976,733,2022,173229,5.24),(977,734,2011,99815,6.15),(978,735,2022,108708,6.37),(979,736,2021,147351,6.28),(980,737,2020,137183,5.79),(981,738,2019,149195,5.96),(982,739,2022,126960,5.42),(983,740,2022,195001,4.54),(984,741,2008,150428,6.85),(985,742,2017,129874,6.37),(986,743,2020,123497,5.44),(987,744,2012,165579,5.2),(988,745,2012,117670,5.2),(989,746,2014,111403,5.68),(990,747,2019,131027,5.86),(991,748,2013,177317,6.71),(992,749,2011,109673,4.77),(993,750,2007,187703,6.83),(994,751,2022,75087,4.95),(995,752,2019,109208,6.08),(996,753,2010,135140,5.57),(997,754,2022,142945,6.01),(998,755,2018,138436,5.54),(999,756,2018,121176,5.33),(1000,757,2020,117595,7.37),(1001,758,2021,154691,5.82),(1002,759,2021,169188,5.72),(1003,760,2007,117178,7.49),(1004,761,2012,140477,5.56),(1005,762,2020,114258,6.81),(1006,763,2021,157569,6.68),(1007,764,2018,119546,6.96),(1008,765,2011,180885,6.98),(1009,766,2007,116849,4.8),(1010,767,2012,149017,6.05),(1011,768,2011,127195,6.27),(1012,769,2017,150861,4.82),(1013,770,2019,95131,5.81),(1014,771,2011,150634,7.14),(1015,772,2017,146151,6.56),(1016,773,2016,153111,6.77),(1017,774,2022,140920,6.68),(1018,775,2010,193140,5.83),(1019,776,2015,148733,5.52),(1020,777,2019,113452,6.7),(1021,778,2013,151632,4.85),(1022,779,2011,138758,4.32),(1023,780,2008,126984,6.23),(1024,781,2017,141884,6.83),(1025,782,2018,132662,6.22),(1026,783,2021,169900,6.4),(1027,784,2010,160342,4.82),(1030,787,2016,96083,6.25),(1031,788,2011,95228,6.58),(1032,789,2021,185327,7.03),(1033,790,2019,140818,6.04),(1034,791,2010,131186,5.31),(1035,792,2022,139663,5.83),(1036,793,2009,140574,5.56),(1037,794,2007,119870,6.99),(1038,795,2018,161630,5.28),(1039,796,2009,123061,6.31),(1040,797,2017,117949,5.38),(1041,798,2022,159986,5.05),(1042,799,2012,150698,6.5),(1043,800,2015,169963,5.51),(1044,801,2010,101041,5.1),(1045,802,2010,102743,5.84),(1046,803,2019,139092,6.46),(1047,804,2014,144793,5.08),(1048,805,2007,125804,4.8),(1049,806,2018,186383,5.47),(1050,807,2018,182637,6.41),(1051,808,2013,185938,6.48),(1052,809,2015,140407,6.71),(1053,810,2016,164430,6.39),(1054,811,2022,140977,6.11),(1055,812,2017,142872,5.7),(1056,813,2014,142929,7.39),(1057,814,2017,164235,5.78),(1058,815,2009,139048,4.63),(1059,816,2007,188359,6.32),(1060,817,2011,113206,6.16),(1061,818,2012,157867,7.47),(1062,819,2017,147228,5.6),(1063,820,2012,134690,6.06),(1064,821,2018,112401,5.64),(1065,822,2012,157842,6.14),(1066,823,2007,152666,5.35),(1067,824,2008,168352,5.34),(1068,825,2021,117093,6.68),(1069,826,2014,116092,6.21),(1070,827,2014,120914,3.86),(1071,828,2007,90459,6.06),(1072,829,2010,114459,6.16),(1073,830,2011,137127,5.32),(1074,831,2017,143035,7.43),(1075,832,2009,164493,6.95),(1076,833,2021,144996,6.85),(1077,834,2008,87609,6.85),(1078,835,2020,158761,5.43),(1079,836,2010,108849,6.43),(1080,837,2019,123813,6.67),(1081,838,2011,97070,5.12),(1082,839,2009,133802,6.85),(1083,840,2013,127685,5.56),(1084,841,2013,140442,4.98),(1085,842,2009,150170,5.68),(1086,843,2009,185249,5.89),(1087,844,2022,80405,7.23),(1088,845,2019,119207,6.67),(1089,846,2015,133756,6.71),(1090,847,2011,178249,6.63),(1091,848,2021,167037,5.47),(1092,849,2012,176987,6.24),(1093,850,2011,124413,6.61),(1094,851,2010,105434,4.97),(1095,852,2019,121911,6.14),(1096,853,2010,178832,5.96),(1097,854,2011,142037,7.17),(1098,855,2015,176397,6.04),(1099,856,2010,138068,7.75),(1100,857,2007,172701,5.83),(1101,858,2013,197268,5.85),(1102,859,2007,149821,6.15),(1103,860,2008,150674,6.03),(1104,861,2021,161292,6.12),(1105,862,2007,179725,4.58),(1106,863,2013,120186,5.18),(1107,864,2020,160353,6.5),(1108,865,2015,116290,6.53),(1109,866,2021,155217,7.39),(1110,867,2018,150077,6.41),(1111,868,2016,203934,6.39),(1112,869,2014,150211,5.51),(1113,870,2012,207357,4.67),(1114,871,2015,115131,4.71),(1115,872,2009,133123,5.23),(1116,873,2012,114350,5.82),(1117,874,2015,164848,4.73),(1118,875,2011,105858,5.83),(1119,876,2008,109820,5.26),(1120,877,2016,86882,7.78),(1121,878,2020,106338,5.83),(1122,879,2018,145322,4.77),(1123,880,2018,129894,5.35),(1124,881,2021,176823,7.69),(1125,882,2015,177326,6.93),(1126,883,2022,105432,5.71),(1127,884,2016,135997,4.96),(1128,885,2018,178510,6.4),(1129,886,2016,136753,7.21),(1130,887,2008,135583,6.12),(1131,888,2022,149502,7.33),(1132,889,2015,158558,5.58),(1133,890,2010,151491,6.11),(1134,891,2009,182772,5.21),(1135,892,2018,67921,4.92),(1136,893,2017,83225,5.59),(1137,894,2014,132658,5.03),(1138,895,2010,169015,4.86),(1139,896,2013,136609,6.14),(1140,897,2016,61906,5.63),(1141,898,2012,160628,6.27),(1142,899,2009,181783,5.57),(1143,900,2012,109972,5.43),(1144,901,2007,176715,5.49),(1145,902,2017,150763,6.07),(1146,903,2014,153055,5.5),(1147,904,2007,125872,6.79),(1148,905,2013,144204,4.99),(1149,906,2013,125045,6.49),(1150,907,2014,118351,4.52),(1151,908,2017,153565,5.28),(1152,909,2020,141618,5.87),(1153,910,2015,165741,5.49),(1154,911,2008,94552,6.35),(1155,912,2012,141441,6.56),(1156,913,2012,105104,6.12),(1157,914,2007,127220,6.45),(1158,915,2010,89361,6.93),(1159,916,2015,186842,6.4),(1160,917,2009,118875,6.55),(1161,918,2020,123235,7.14),(1162,919,2022,139790,7.08),(1163,920,2022,149010,6.68),(1164,921,2016,132253,6.06),(1165,922,2010,164352,6.61),(1166,923,2022,144496,5.08),(1167,924,2011,177919,6.11),(1168,925,2019,124060,4.98),(1169,926,2019,139061,5.09),(1170,927,2017,103574,7.55),(1171,928,2018,146886,5.19),(1172,929,2013,94438,6.26),(1173,930,2022,149370,5.95),(1174,931,2013,195021,6.16),(1175,932,2013,137604,5.4),(1176,933,2017,163230,6.09),(1177,934,2012,125305,6.03),(1178,935,2015,158356,6.36),(1179,936,2014,107812,5.63),(1180,937,2010,153041,6.03),(1181,938,2013,148805,4.63),(1182,939,2016,146235,6.04),(1183,940,2017,112455,6.49),(1184,941,2020,165925,4.8),(1185,942,2016,157784,4.71),(1186,943,2007,117756,5.96),(1187,944,2019,149616,6.59),(1188,945,2017,152312,6.99),(1189,946,2016,181756,6.4),(1190,947,2018,139631,4.85),(1191,948,2017,145660,5.51),(1192,949,2016,125299,6.59),(1193,950,2022,188559,4.11),(1194,951,2014,105910,5.74),(1195,952,2009,136450,4.61),(1196,953,2011,130678,6.3),(1197,954,2013,125829,5.3),(1198,955,2022,156240,6.76),(1199,956,2010,136035,7.39),(1200,957,2008,157336,5.74),(1201,958,2020,139037,5.79),(1202,959,2007,133628,4.52),(1203,960,2008,111773,5.26),(1204,961,2008,103312,6.36),(1205,962,2016,115666,6.97),(1206,963,2021,97547,6.15),(1207,964,2018,153058,6.43),(1208,965,2014,136035,5.66),(1209,966,2019,167581,5.61),(1210,967,2014,115265,5.58),(1211,968,2020,147735,6.32),(1212,969,2008,120105,6.03),(1213,970,2018,161782,4.89),(1214,971,2015,143279,4.7),(1215,972,2011,125240,4.86),(1216,973,2012,98308,6.1),(1217,974,2012,150401,6.52),(1218,975,2014,146066,6.8),(1219,976,2015,130176,6.35),(1220,977,2019,195417,5.62),(1221,978,2012,153186,5.74),(1222,979,2011,119444,5.46),(1223,980,2013,131952,6.4),(1224,981,2016,138645,5.45),(1225,982,2010,156112,6.22),(1226,983,2015,124409,6.83),(1227,984,2011,131779,5.99),(1228,985,2019,141089,5.72),(1229,986,2016,117836,6.49),(1230,987,2018,141433,5.45),(1231,988,2016,130048,4.17),(1232,989,2022,121587,6.17),(1233,990,2021,124039,5.63),(1234,991,2020,162186,6.1),(1235,992,2016,111307,5.04),(1236,993,2020,170403,5.19),(1237,994,2022,195494,5.6),(1238,995,2013,172870,6.45),(1239,996,2017,130512,5.46),(1240,997,2010,169212,6.1),(1241,998,2015,112148,6.34),(1242,999,2018,108103,6.5),(1243,1000,2014,150390,6.19),(1244,1001,2013,155361,7),(1245,1002,2021,154681,5.91),(1246,1003,2018,114528,5.17),(1247,1004,2011,109024,7.03),(1248,1005,2011,129742,5.51),(1249,1006,2019,146868,5.11),(1250,1007,2016,163963,6.18),(1251,1008,2018,148522,6.54),(1252,1009,2020,104554,5.51),(1253,1010,2022,133934,5.88),(1254,1011,2007,119535,6.9),(1255,1012,2019,140942,5.77),(1256,1013,2013,176623,5.91),(1257,1014,2016,144794,7.34),(1258,1015,2021,120391,5.41),(1259,1016,2015,123482,5.2),(1260,1017,2021,175665,5.76),(1261,1018,2010,124343,5.55),(1262,1019,2015,128159,5.93),(1263,1020,2019,176398,4.88),(1264,1021,2019,144117,6.71),(1265,1022,2020,157675,5.08),(1266,1023,2021,159828,4.02),(1267,1024,2016,134671,5.35),(1268,1025,2016,113047,7.52),(1269,1026,2021,200839,5.67),(1270,1027,2009,123951,5.53),(1271,1028,2008,143461,5.08),(1272,1029,2010,165458,6.74),(1273,1030,2008,159598,6),(1274,1031,2020,150203,6.12),(1275,1032,2014,156173,5.23),(1276,1033,2009,180783,6.98),(1277,1034,2014,116550,6.73),(1278,1035,2010,144629,6.34),(1279,1036,2020,188997,5.72),(1280,1037,2018,108628,5.13),(1281,1038,2012,110508,5.65),(1282,1039,2017,120605,5.09),(1283,1040,2017,152887,5.35),(1284,1041,2012,167595,6.8),(1285,1042,2013,184259,5.58),(1286,1043,2017,120469,5.7),(1287,1044,2019,146877,7.42),(1288,1045,2017,164115,5.48),(1289,1046,2017,138464,3.84),(1290,1047,2015,106735,6.02),(1291,1048,2012,129468,5.81),(1292,1049,2010,141116,6.37),(1293,1050,2014,180327,4.56),(1294,1051,2018,140787,5.92),(1295,1052,2009,123179,5.57),(1296,1053,2022,135414,6.14),(1297,1054,2016,126126,5.47),(1298,1055,2007,159273,5.26),(1299,1056,2019,192984,7.51),(1300,1057,2020,110379,7.56),(1301,1058,2015,66578,5.69),(1302,1059,2012,197084,4.89),(1303,1060,2022,83657,6.38),(1304,1061,2022,133284,4.73),(1305,1062,2020,128451,6.97),(1306,1063,2015,108866,5.79),(1307,1064,2015,123965,5.77),(1308,1065,2019,144190,6.41),(1309,1066,2008,146560,5.37),(1310,1067,2014,152024,5.88),(1311,1068,2018,112971,5.76),(1312,1069,2022,165672,5.1),(1313,1070,2020,138849,5.88),(1314,1071,2014,111839,5.97),(1315,1072,2021,167538,4.29),(1316,1073,2020,169831,5.85),(1317,1074,2011,96026,5.51),(1318,1075,2018,171205,5.99),(1319,1076,2018,175893,4.92),(1320,1077,2011,153032,6),(1321,1078,2014,107344,4.55),(1322,1079,2013,113217,5.62),(1323,1080,2015,137048,5.09),(1324,1081,2008,85680,6.24),(1325,1082,2017,135390,6.15),(1326,1083,2014,180171,7.02),(1327,1084,2015,120846,5.62),(1328,1085,2015,155387,6.97),(1329,1086,2007,118647,5.72),(1330,1087,2021,129784,5.54),(1331,1088,2013,99939,5.98),(1332,1089,2017,155970,6.65),(1333,1090,2022,160408,4.44),(1334,1091,2021,44398,5.85),(1335,1092,2015,139910,4.84),(1336,1093,2021,139680,5.67),(1337,1094,2020,131748,6.23);
/*!40000 ALTER TABLE `annualsales` ENABLE KEYS */;
UNLOCK TABLES;

--
-- Table structure for table `artists`
--

DROP TABLE IF EXISTS `artists`;
/*!40101 SET @saved_cs_client     = @@character_set_client */;
/*!50503 SET character_set_client = utf8mb4 */;
CREATE TABLE `artists` (
  `ArtID` int(11) DEFAULT NULL,
  `FName` text,
  `LName` text,
  `Birth_Region` text,
  `DoB` datetime DEFAULT NULL
) ENGINE=MyISAM DEFAULT CHARSET=latin1;
/*!40101 SET character_set_client = @saved_cs_client */;

--
-- Dumping data for table `artists`
--

LOCK TABLES `artists` WRITE;
/*!40000 ALTER TABLE `artists` DISABLE KEYS */;
INSERT INTO `artists` (`ArtID`, `FName`, `LName`, `Birth_Region`, `DoB`) VALUES (100,'Griffith','Gallagher','Southwest','1999-07-18 06:13:58'),(101,'Imelda','Atkinson','Southwest','1983-01-04 02:17:32'),(102,'Rashad','Blevins','Southeast','1971-12-11 22:42:26'),(103,'Britanney','Thompson','Northeast','2000-02-26 16:59:07'),(104,'Lunea','Mosley','Southwest','2000-08-22 12:41:39'),(105,'Sylvester','Sims','Southwest','1982-10-13 14:36:25'),(106,'Sawyer','Brown','Non_USA','1995-01-03 21:39:42'),(107,'Jayme','Lewis','West Coast','2000-08-20 18:32:09'),(108,'Nissim','Berg','West Coast','1999-04-26 13:30:51'),(109,'Amal','Strickland','Non_USA','1982-04-09 23:45:48'),(110,'Brandon','Meyers','Northeast','1977-07-27 23:55:38'),(111,'Kermit','Daniels','West Coast','1996-09-15 10:27:58'),(112,'Audrey','Warner','Midwest','1999-12-30 01:14:35'),(113,'Callum','Wiley','West Coast','1991-06-25 04:45:01'),(114,'Mannix','West','Northeast','1993-09-27 04:31:47'),(115,'Roth','Sellers','Northeast','1974-03-23 15:15:48'),(116,'Reece','Ingram','Non_USA','1998-07-03 14:06:30'),(117,'Portia','Carlson','Southeast','1995-04-14 03:45:14'),(118,'Zelenia','Padilla','West Coast','1997-03-04 06:14:50'),(119,'Zenaida','Hyde','West Coast','1972-08-07 19:43:31'),(120,'Hector','Stein','Non_USA','1982-03-03 04:37:26'),(121,'Yuri','Strong','West Coast','1997-10-04 16:55:22'),(122,'Rahim','Barry','West Coast','1990-11-19 18:21:08'),(123,'Xander','Perez','Midwest','1998-12-01 20:27:22'),(124,'Dorothy','Bright','Southwest','1986-07-26 11:03:19'),(125,'Adria','Head','West Coast','1997-04-20 13:36:49'),(126,'Chester','Keith','Non_USA','1982-12-07 06:53:33'),(127,'Priscilla','Barron','Northeast','1996-09-22 02:00:23'),(128,'Malachi','Pearson','Southwest','1982-11-10 05:58:58'),(129,'Karyn','Park','Midwest','1976-03-25 13:19:59'),(130,'Prescott','Haley','Southwest','1981-09-13 07:24:46'),(131,'Patricia','Williams','Southeast','2000-06-22 17:34:04'),(132,'Murphy','Jefferson','Southwest','2000-04-07 00:09:18'),(133,'Rahim','Page','Non_USA','1971-11-24 22:35:37'),(134,'Clarke','Underwood','West Coast','1992-03-23 13:13:35'),(135,'Rae','Mack','Northeast','1998-07-08 08:28:52'),(136,'Hedy','Wilkins','Non_USA','1983-05-14 00:24:49'),(137,'Luke','Osborne','Southeast','1992-05-08 04:33:54'),(138,'Germaine','Ellis','West Coast','1996-04-02 17:02:07'),(139,'Kyle','Hart','West Coast','1973-09-16 12:02:56'),(140,'Abraham','Nichols','Southwest','1983-12-06 12:56:44'),(141,'Kylee','Cannon','Northeast','1983-02-15 08:26:21'),(142,'Bruno','Alvarez','Midwest','1980-07-21 08:20:28'),(143,'Idona','Bright','Midwest','1974-01-22 18:56:06'),(144,'Kimberley','Rollins','Non_USA','1990-05-01 03:24:39'),(145,'Tyrone','Herring','Southwest','1978-08-09 11:03:15'),(146,'Angela','Burt','Midwest','1981-12-29 23:02:54'),(147,'Evangeline','Fitzgerald','West Coast','1991-06-30 08:01:33'),(148,'Kenyon','Delacruz','Northeast','1983-06-14 03:23:41'),(149,'Asher','Osborn','West Coast','1972-03-06 14:37:30'),(150,'Jillian','Rosa','Southwest','2000-06-12 08:47:55'),(151,'Tyrone','Holt','Midwest','1993-10-05 23:55:10'),(152,'Mufutau','Buchanan','West Coast','1971-11-19 09:32:40'),(153,'Tad','Mcconnell','Northeast','1983-08-04 12:41:17'),(154,'Helen','Talley','Non_USA','1994-01-19 07:20:08'),(155,'Bradley','Pate','Midwest','1989-07-19 10:39:15'),(156,'Lance','Hinton','Non_USA','1999-10-08 18:23:23'),(157,'Mark','Adams','Northeast','1990-02-19 22:47:26'),(158,'Gail','Burns','Midwest','1989-08-30 22:22:18'),(159,'Graham','Mckay','Northeast','1983-06-17 11:50:21'),(160,'Bree','Blanchard','Northeast','1992-10-15 22:53:20'),(161,'Bernard','Molina','Northeast','1996-09-13 18:04:16'),(162,'Nolan','Williams','Non_USA','1995-06-27 18:27:08'),(163,'Deacon','Hanson','Southwest','1975-02-06 12:51:28'),(164,'Amethyst','Sawyer','West Coast','1972-12-24 13:18:18'),(165,'Upton','Espinoza','Southeast','1999-11-25 15:39:37'),(166,'Yuli','Yates','Northeast','1999-11-26 08:07:58'),(167,'Ryan','Santana','Southwest','2000-07-02 18:32:45'),(168,'Neve','Nolan','Midwest','1990-04-05 16:31:33'),(169,'Solomon','Gomez','Non_USA','1990-12-28 08:55:37'),(170,'Laura','Bird','Non_USA','1988-06-17 14:46:13'),(171,'Jana','Fitzgerald','West Coast','1977-04-22 00:50:43'),(172,'Jorden','Mullen','Southeast','1981-11-24 07:46:04'),(173,'Josephine','Beck','Southeast','1971-11-12 01:13:52'),(174,'Keegan','Ortega','Southeast','1987-01-03 09:30:58'),(175,'Kiayada','Greer','Southeast','1998-02-14 23:21:37'),(176,'Autumn','Armstrong','West Coast','1985-02-27 06:33:33'),(177,'Keith','Clarke','Midwest','1987-11-20 15:09:39'),(178,'Ina','Rodriguez','Non_USA','1976-11-29 09:45:21'),(179,'Noel','Landry','Northeast','1975-12-26 00:15:43'),(180,'Keaton','Carver','Northeast','1992-12-10 17:35:24'),(181,'Ethan','Fitzpatrick','West Coast','1985-12-29 10:53:37'),(182,'Elmo','Gay','Southeast','1998-12-10 17:42:41'),(183,'Yoko','Hoover','Non_USA','1973-06-14 01:38:43'),(184,'Jana','Mercado','Southeast','1997-05-15 11:44:41'),(185,'Moses','Blake','Northeast','1996-02-29 03:28:25'),(186,'Raja','Holland','Non_USA','1986-05-17 06:28:00'),(187,'Felicia','Ramos','Northeast','1994-10-06 06:45:41'),(188,'Alexandra','Patterson','Southwest','1990-06-12 11:26:14'),(189,'Lunea','Wright','Southeast','1997-09-18 21:25:06'),(190,'Lucius','Pugh','Southwest','1983-09-19 23:31:04'),(191,'Carlos','Stevenson','Southeast','1985-04-17 03:31:26'),(192,'Heather','Harmon','Non_USA','1990-08-30 09:49:14'),(193,'Josiah','Bishop','Southeast','1972-03-10 14:56:11'),(194,'Bevis','Houston','West Coast','1990-10-16 13:53:11'),(195,'Beau','Gallegos','West Coast','1996-02-19 07:32:05'),(196,'Igor','Calderon','Southeast','1980-12-16 08:57:04'),(197,'Angelica','Mack','Northeast','1997-08-29 05:37:41'),(198,'Zane','Stevenson','Southwest','1989-10-12 12:06:27'),(199,'Roanna','Booker','Southwest','1988-02-24 18:43:14'),(200,'Elijah','Williams','Northeast','1973-11-04 05:22:33'),(201,'Jared','Mccormick','Southeast','1987-11-03 00:01:07'),(202,'Zephania','Gaines','Northeast','1989-02-05 21:24:11'),(203,'Aladdin','Dyer','Southeast','1990-07-21 04:38:35'),(204,'Imani','Harper','Southeast','1974-03-08 02:51:59'),(205,'Jakeem','Duran','Southwest','1993-08-23 00:50:17'),(206,'Whilemina','Reeves','Non_USA','1984-03-23 06:43:13'),(207,'Amir','Reynolds','Southwest','1988-07-19 15:59:10'),(208,'Brenda','Espinoza','West Coast','1982-08-29 13:18:42'),(209,'Eliana','Baird','Southwest','1974-03-08 07:48:46'),(210,'Andrew','Bradford','Southeast','1990-07-23 07:37:31'),(211,'Anthony','Yang','Southeast','1980-03-13 20:16:45'),(212,'Rhiannon','Wiley','West Coast','1988-05-15 20:53:12'),(213,'Jin','Valdez','Non_USA','1974-10-05 02:20:28'),(214,'April','Peters','West Coast','1981-07-10 21:36:41'),(215,'Kermit','Williams','Northeast','1972-10-18 19:21:50'),(216,'Carolyn','Tanner','Northeast','1973-02-07 11:05:58'),(217,'Reese','Carpenter','Midwest','1983-11-25 11:01:02'),(218,'Summer','Wolfe','Southwest','1980-02-20 11:10:55'),(219,'Duncan','Shepherd','Non_USA','1997-08-01 15:05:47'),(220,'Rooney','Rhodes','West Coast','2000-01-13 12:16:29'),(221,'Beverly','Baird','Southeast','1986-03-27 23:21:18'),(222,'Clarke','Kent','Northeast','1985-12-10 15:07:19'),(223,'Amos','Newman','Midwest','1976-08-28 07:48:35'),(224,'Henry','Zimmerman','West Coast','1983-04-28 11:34:32'),(225,'Summer','Hayes','Northeast','1975-03-28 06:22:10'),(226,'Dominic','Duke','Non_USA','1982-02-17 00:57:16'),(227,'Jesse','Hayes','Southwest','1983-07-28 00:05:26'),(228,'Blake','Tanner','Southwest','1998-04-10 17:03:51'),(229,'Dolan','Mendoza','Midwest','1987-03-27 18:47:55'),(230,'Orlando','Porter','Northeast','1984-05-17 23:28:39'),(231,'Scott','Mccarty','Northeast','1996-12-16 20:49:44'),(232,'Dora','Maldonado','Northeast','1995-11-08 15:59:51'),(233,'Deirdre','Snider','Northeast','1984-10-28 12:40:52'),(234,'Lucius','Leonard','Northeast','1971-10-11 21:21:24'),(235,'Teegan','Wooten','Northeast','1993-07-10 10:18:58'),(236,'Alexa','Calderon','Southeast','1985-07-01 11:54:25'),(237,'TaShya','Maynard','Southeast','1997-02-17 18:27:14'),(238,'Dana','Bird','Northeast','1990-06-08 05:18:16'),(239,'Jasper','Terrell','Midwest','1990-04-25 22:02:11'),(240,'Carlos','Blevins','Non_USA','1987-04-26 09:26:05'),(241,'Kareem','Park','Non_USA','1999-04-12 04:14:50'),(242,'Boris','Herrera','Midwest','1974-11-23 11:10:46'),(243,'Hector','Dickerson','Midwest','2000-05-19 15:36:21'),(244,'Sonia','England','Southwest','1977-12-27 09:51:25'),(245,'Dieter','Kidd','Southeast','1990-09-04 02:32:55'),(246,'Melvin','Blanchard','Southwest','1975-05-02 12:19:20'),(247,'Aiko','Larson','Southeast','1986-11-14 02:03:54'),(248,'Emma','Stokes','Northeast','1972-09-30 22:21:57'),(249,'Breanna','Underwood','Southeast','1985-12-25 09:32:58'),(250,'Patricia','Hodges','Southwest','1987-03-20 02:28:34'),(251,'Dalton','Nixon','Northeast','1996-02-16 07:15:02'),(252,'Pascale','Sexton','Non_USA','1980-08-16 17:28:06'),(253,'Alyssa','Knowles','Non_USA','1992-08-07 22:07:58'),(254,'Rana','Riggs','Midwest','1998-07-19 07:58:39'),(255,'Hayes','Beard','Southwest','1983-08-11 14:24:35'),(256,'Maite','Hayden','Midwest','1992-10-30 00:22:48'),(257,'Adena','Turner','Midwest','1985-09-15 18:25:58'),(258,'Imelda','Hyde','Non_USA','1991-11-06 20:06:24'),(259,'Ryan','Allison','Southwest','1998-12-28 01:39:36'),(260,'Hamilton','Clark','Midwest','1978-03-19 22:38:15'),(261,'Gary','Molina','Non_USA','1974-10-29 04:01:15'),(262,'Stacy','Herman','Southeast','1998-02-10 19:35:12'),(263,'Abel','Schroeder','Midwest','1982-06-24 00:34:27'),(264,'Serena','Byrd','Southeast','1986-01-23 23:01:22'),(265,'Omar','Lindsey','Non_USA','1987-01-16 13:36:54'),(266,'Malachi','Tillman','Southwest','1995-08-30 06:01:34'),(267,'Jorden','Webb','Non_USA','1994-09-19 05:56:36'),(268,'Hannah','Mays','Northeast','1979-01-07 05:19:47'),(269,'Alden','Crane','West Coast','1999-01-08 20:42:19'),(270,'Leroy','Miles','Midwest','1983-11-27 07:04:44'),(271,'Dominic','Snow','Southwest','1999-04-18 16:36:47'),(272,'Gay','Terrell','West Coast','1976-03-10 18:19:00'),(273,'Luke','Page','Southeast','1996-11-13 03:27:55'),(274,'India','Crawford','West Coast','1980-06-16 01:33:33'),(275,'Xantha','Stark','Southeast','1986-02-03 06:23:01'),(276,'Cyrus','George','Non_USA','1991-11-11 02:09:08'),(277,'Phoebe','Atkinson','Non_USA','1985-11-15 03:51:38'),(278,'Camilla','Waters','Non_USA','1973-09-07 17:32:55'),(279,'Adrienne','Glover','Southwest','1998-06-27 05:48:46'),(280,'Quinlan','Mathis','Non_USA','2000-09-30 08:26:54'),(281,'Nayda','Howell','Non_USA','1982-12-02 05:04:34'),(282,'Darrel','Payne','Southeast','1998-03-24 00:06:06'),(283,'Sara','Keller','Southwest','1994-10-07 04:47:30'),(284,'Ashton','Wilkins','Midwest','1981-01-05 23:14:32'),(285,'Micah','Benjamin','Midwest','1984-04-28 08:01:03'),(286,'Bernard','Walsh','West Coast','1984-01-21 01:14:15'),(287,'Farrah','Curtis','West Coast','1981-10-09 11:40:00'),(288,'Breanna','Weeks','Non_USA','1972-06-18 14:08:50'),(289,'Alfonso','Floyd','Southwest','1972-05-12 12:07:42'),(290,'Acton','Conrad','Southwest','1985-02-25 23:18:50'),(291,'Sybill','Smith','West Coast','1979-10-05 09:05:14'),(292,'Carla','Cross','West Coast','1987-09-29 20:31:08'),(293,'Dylan','Brooks','Southwest','1974-05-10 11:38:50'),(294,'Wade','Ewing','Northeast','1986-09-29 20:50:38'),(295,'Alfonso','Cameron','Southeast','1986-12-03 20:54:42'),(296,'Hunter','Griffith','Southeast','1995-06-30 09:07:36'),(297,'Echo','Santiago','Midwest','1984-09-29 11:17:41'),(298,'Barbara','Freeman','Southeast','1998-05-14 02:00:58'),(299,'Nola','Jackson','Southwest','1993-12-04 09:20:09'),(300,'Lionel','Prince','Northeast','1980-03-23 08:18:52'),(301,'Elmo','Gilliam','Northeast','1976-04-15 22:33:18'),(302,'Melanie','Aguilar','Midwest','1995-04-09 07:59:30'),(303,'Neve','Gilbert','Southwest','1981-08-27 05:30:53'),(304,'Shad','Wooten','Non_USA','1990-04-25 06:50:24'),(305,'Avram','Rose','Southeast','1985-01-30 00:06:11'),(306,'Jasper','Murray','Midwest','1987-02-04 12:14:04'),(307,'Felix','Henson','West Coast','1976-11-14 10:50:41'),(308,'Arthur','Hunt','Southwest','1974-05-17 23:10:36'),(309,'Lionel','Santana','Southwest','1995-09-23 14:34:14'),(310,'Beck','Baldwin','Southwest','1998-05-23 03:27:42'),(311,'Jessica','Henry','West Coast','1982-06-24 17:07:05'),(312,'Shaine','Higgins','West Coast','1984-05-29 14:05:30'),(313,'Karyn','Christian','Southeast','1979-08-18 17:01:39'),(314,'Hunter','Lott','Midwest','1993-08-02 17:00:01'),(315,'Hu','Taylor','Midwest','1975-11-24 08:05:43'),(316,'Hadassah','Anthony','Midwest','1975-11-28 03:04:48'),(317,'Hakeem','Emerson','West Coast','1977-07-15 23:23:21'),(318,'Idola','Gordon','Northeast','1991-09-22 14:23:20'),(319,'Tate','Lawson','Southwest','1981-02-26 11:57:38'),(320,'Halee','Frank','West Coast','1984-10-06 20:37:48'),(321,'Yoko','Day','Non_USA','1988-02-06 07:41:45'),(322,'Quin','Aguilar','Northeast','1975-09-25 14:20:58'),(323,'Kermit','Boone','Midwest','1998-11-23 16:48:57'),(324,'Mollie','Horne','Non_USA','1989-08-06 19:42:26'),(325,'Castor','Wall','Northeast','1989-11-23 23:48:01'),(326,'Quintessa','Camacho','Non_USA','1989-11-29 11:50:31'),(327,'Ulysses','Hamilton','Southeast','1974-02-07 08:10:09'),(328,'Kennedy','Bates','Non_USA','1980-12-08 06:09:35'),(329,'Kameko','Howell','Midwest','1989-11-13 17:19:03'),(330,'Josephine','Stewart','Southwest','1979-05-21 11:24:54'),(331,'Bevis','Potter','Northeast','1973-06-07 07:15:55'),(332,'Sylvia','Perez','Northeast','1979-07-25 23:37:13'),(333,'Brock','Parker','Non_USA','1975-08-14 09:30:37'),(334,'Ishmael','Ayers','Northeast','1975-10-10 04:35:15'),(335,'Sean','Norman','Midwest','1995-11-12 08:59:00'),(336,'Britanney','Roberson','Southeast','1980-09-29 10:25:59'),(337,'Nelle','Schwartz','Southeast','1995-08-05 14:24:50'),(338,'TaShya','Rios','Southeast','1985-08-08 16:24:06'),(339,'Sophia','Mcintosh','West Coast','1975-07-15 12:27:00'),(340,'Robert','Shannon','Southwest','1979-03-04 03:44:33'),(341,'Quinlan','Booth','Non_USA','1973-11-12 18:51:36'),(342,'Pandora','Oneil','West Coast','2000-03-11 21:36:58'),(343,'Yetta','Powers','Northeast','1977-08-30 14:15:06'),(344,'Orlando','Whitney','Northeast','1987-12-30 21:54:47'),(345,'Quentin','Forbes','Non_USA','1993-11-30 14:15:48'),(346,'Orlando','Rollins','Non_USA','1978-12-19 06:51:18'),(347,'Edan','Sargent','Southeast','1985-07-02 23:41:15'),(348,'Brady','Hill','Southeast','1989-05-10 10:35:40'),(349,'Xavier','Zimmerman','Southeast','1978-02-23 17:40:57'),(350,'Kevin','Mcdaniel','Midwest','1994-04-30 17:16:02'),(351,'Baxter','Juarez','Northeast','1985-12-11 08:43:30'),(352,'Lael','Carter','Southeast','1991-10-25 04:45:59'),(353,'Coby','Bird','West Coast','1973-06-26 07:10:39'),(354,'Eliana','Sheppard','Midwest','1988-12-28 07:26:19'),(355,'Bree','Robbins','Southeast','1972-08-27 10:41:23'),(356,'TaShya','Hyde','Southeast','1997-09-10 03:35:36'),(357,'Walter','Bass','Southwest','1994-08-17 19:22:17'),(358,'Seth','Mccarty','West Coast','1984-09-21 05:34:07'),(359,'Quinn','Hawkins','Non_USA','1974-02-26 16:24:03'),(360,'Cheyenne','Howell','Southwest','1986-06-01 05:45:22'),(361,'Sheila','Reeves','Northeast','1999-05-11 23:49:20'),(362,'Yael','Joyner','Northeast','1976-01-20 04:08:27'),(363,'Hasad','Gray','Southeast','1988-03-26 20:59:08'),(364,'Porter','Chandler','Southwest','1971-03-17 12:31:06'),(365,'Brenna','Cohen','West Coast','1979-12-08 02:45:39'),(366,'Noel','Pratt','Midwest','1975-02-08 12:53:43'),(367,'Nichole','Joseph','Midwest','1993-05-24 11:44:37'),(368,'Marny','Jefferson','Midwest','1988-08-23 02:47:15'),(369,'Donna','Whitaker','Midwest','1996-09-23 12:54:21'),(370,'Carla','Frost','Non_USA','1987-11-01 15:46:51'),(371,'Rhona','Sutton','Non_USA','1972-05-28 21:04:46'),(372,'Tamekah','Hull','Midwest','1981-12-07 17:27:13'),(373,'Sierra','Palmer','Northeast','1974-12-31 13:15:15'),(374,'Cherokee','Carlson','Southwest','1984-10-26 19:48:48'),(375,'Kaseem','Hyde','West Coast','2000-04-04 11:09:22'),(376,'Cleo','Chen','West Coast','1980-12-22 07:33:30'),(377,'Yuli','Glenn','Non_USA','1994-05-08 02:01:27'),(378,'Kylan','Dennis','Midwest','1998-10-28 03:55:19'),(379,'Mercedes','Frost','Non_USA','1997-10-15 07:48:50'),(380,'Carlos','Patterson','Southwest','1997-01-06 19:49:00'),(381,'Jena','Osborne','Midwest','1988-12-07 17:44:03'),(382,'Kevin','Wheeler','West Coast','1973-12-10 02:07:35'),(383,'Neville','Henderson','Midwest','1987-11-13 01:17:43'),(384,'Hasad','Melton','Non_USA','1978-11-18 14:07:39'),(385,'Madison','Whitley','Non_USA','1972-02-04 04:04:07'),(386,'Jonas','Pierce','Midwest','1983-08-08 02:21:16'),(387,'Xanthus','Howard','Southeast','1989-12-09 02:41:03'),(388,'Rogan','Humphrey','Northeast','1979-01-12 13:56:13'),(389,'Kameko','Ramos','Non_USA','1998-04-28 22:27:40'),(390,'Jermaine','Randolph','Southwest','1981-11-27 07:33:36'),(391,'Blossom','Bowen','West Coast','1990-04-24 11:33:22'),(392,'Timon','Bean','Midwest','1985-05-18 23:35:46'),(393,'Macey','Hubbard','Northeast','1982-07-19 12:34:53'),(394,'Ulric','Garcia','Non_USA','1981-07-19 10:22:33'),(395,'Yasir','Robbins','Northeast','1979-03-27 07:59:10'),(396,'Jenette','Stephenson','Southeast','1978-11-01 16:59:39'),(397,'Courtney','Rowe','West Coast','1976-06-18 05:56:03'),(398,'Leigh','Rutledge','Southeast','1983-03-24 12:39:48'),(399,'Chaney','Lopez','Southwest','1971-06-15 10:31:29'),(400,'Henry','Morales','Southeast','1996-12-13 23:07:18'),(401,'Drake','Kane','Northeast','1977-08-16 14:32:42'),(402,'Cara','Booth','Non_USA','1983-12-28 16:09:18'),(403,'Shad','Snider','Southeast','1977-11-14 06:39:44'),(404,'Mariko','Cunningham','Midwest','1982-01-16 10:05:52'),(405,'TaShya','Murphy','West Coast','1976-11-07 12:00:43'),(406,'Gil','Park','Southwest','1994-03-21 21:51:15'),(407,'Freya','Petty','Southeast','1982-11-18 10:57:10'),(408,'Axel','Barrett','Southwest','1977-11-27 10:33:37'),(409,'Rina','Best','Southeast','1994-12-16 00:03:02'),(410,'Kitra','Dale','Southeast','1989-10-12 10:44:09'),(411,'Lois','Cherry','Northeast','1973-04-12 17:00:46'),(412,'Leo','Morrow','West Coast','1998-03-13 13:53:11'),(413,'Melodie','Solis','Midwest','1990-12-22 23:42:31'),(414,'Elton','Stafford','Southeast','1976-10-28 06:32:04'),(415,'Rachel','Macias','Midwest','1971-01-15 13:47:54'),(416,'Caesar','Lowery','Midwest','1985-02-19 17:02:33'),(417,'Sawyer','Rojas','Northeast','1984-10-26 08:41:04'),(418,'Zephr','Benton','Midwest','1998-09-12 18:49:38'),(419,'Damian','Gilmore','Southeast','1992-04-06 23:35:15'),(420,'Ivy','Lane','West Coast','1999-02-26 09:52:56'),(421,'Bree','Mcintosh','Southwest','1983-07-04 05:18:41'),(422,'Zelda','Dalton','Southwest','1981-08-20 23:52:47'),(423,'Robert','Morrow','Non_USA','1978-09-09 18:33:15'),(424,'Susan','Wilkinson','Midwest','1990-06-17 03:04:18'),(425,'Jameson','Nicholson','West Coast','2000-08-02 22:57:45'),(426,'Melvin','Burke','Northeast','1998-05-01 19:30:58'),(427,'Adara','O\'Neill','West Coast','1985-04-16 03:33:21'),(428,'Megan','Hamilton','Northeast','2000-04-17 20:10:59'),(429,'Paul','Wise','Southwest','1987-12-23 03:14:27'),(430,'Ann','Bryant','Non_USA','1980-12-13 07:58:09'),(431,'Sheila','Stout','Southwest','1981-02-22 21:33:00'),(432,'Daphne','Lynn','Southwest','1981-04-04 04:33:58'),(433,'Lavinia','Molina','Midwest','1980-12-19 14:34:58'),(434,'Curran','Fuller','West Coast','1990-10-24 21:02:51'),(435,'Simon','Lane','Southwest','1989-08-29 05:45:13'),(436,'Isabelle','Duncan','West Coast','1992-06-07 04:16:36'),(437,'Hyatt','Long','West Coast','1973-06-06 04:23:58'),(438,'Glenna','Finley','Southwest','1971-05-07 03:33:21'),(439,'Maxwell','Henry','Southwest','1993-01-06 04:45:52'),(440,'Vernon','Patton','West Coast','1992-05-09 18:46:41'),(441,'Maia','Blanchard','Midwest','1988-04-24 02:08:41'),(442,'Zeus','Padilla','Southeast','1995-12-19 23:10:38'),(443,'Ariana','Harrington','Northeast','1991-11-07 05:29:44'),(444,'Jelani','Nash','Southwest','1977-01-08 07:42:08'),(445,'Gregory','Flores','Southeast','1980-03-17 01:09:01'),(446,'Lacey','Jackson','Southeast','1978-06-20 06:46:10'),(447,'Raymond','Maynard','Northeast','1997-09-09 07:05:40'),(448,'Sydnee','Randall','Southwest','1978-07-21 14:22:22'),(449,'Jennifer','Mendoza','Southeast','1974-08-20 11:16:03');
/*!40000 ALTER TABLE `artists` ENABLE KEYS */;
UNLOCK TABLES;

--
-- Dumping routines for database 'musicians'
--
/*!40103 SET TIME_ZONE=@OLD_TIME_ZONE */;

/*!40101 SET SQL_MODE=@OLD_SQL_MODE */;
/*!40014 SET FOREIGN_KEY_CHECKS=@OLD_FOREIGN_KEY_CHECKS */;
/*!40014 SET UNIQUE_CHECKS=@OLD_UNIQUE_CHECKS */;
/*!40101 SET CHARACTER_SET_CLIENT=@OLD_CHARACTER_SET_CLIENT */;
/*!40101 SET CHARACTER_SET_RESULTS=@OLD_CHARACTER_SET_RESULTS */;
/*!40101 SET COLLATION_CONNECTION=@OLD_COLLATION_CONNECTION */;
/*!40111 SET SQL_NOTES=@OLD_SQL_NOTES */;

-- Dump completed on 2022-11-03 10:15:25

# q1
select * from albums
where title like '%demon';

# q2
select * from artists
where Birth_Region = 'Midwest';

# q3
select * from artists
where Birth_Region != 'Southwest';

# q4
select * from albums
where NumTracks = 6;

# q5
select Birth_Region, count(*) from artists
group by Birth_Region 
order by count(*);

# q6
select albid, sum(NoCopiesSold) from annualsales
group by albid
order by sum(NoCopiesSold) desc;

# q7
select * from artists
left join albums
on albums.artid = artists.artid
where dob < '1987-01-01 00:00:00'
and genre = 'Pop'
group by artists.artid;

# q8
select * from annualsales
left join albums
on albums.albid = annualsales.albid
where genre = 'Folk' 
and ProfitPerCopy > 7;

# q9
select annualsales.albid,ProfitPerCopy * NoCopiesSold as total_profit from annualsales
left join albums
on albums.albid = annualsales.albid
where ReleaseYear = Year
order by total_profit desc;

# q10
select genre,title,count(*) from albums
group by genre,title
having count(*) >=7;

# q11
select title, annualsales.albid from annualsales
left join albums
on albums.albid = annualsales.albid
where NoCopiesSold > 200000
or genre ='Other'
group by annualsales.albid;

# q12
select year,title,ProfitPerCopy * NoCopiesSold as total_profit from annualsales
left join albums
on albums.albid = annualsales.albid
order by total_profit desc;

# q13
select artid, sum(NoCopiesSold) from annualsales
left join albums
on albums.albid = annualsales.albid
group by artid
order by sum(NoCopiesSold) desc;

select * from artists
where artid = 387;